position,publicwww_rank,domain,typeform_indexed_match,indexed_typeform_urls,typeform_form_urls,publicwww_email_candidates,email_visibility,corporate_status
10,15919,uwe.ac.uk,no,https://api.typeform.com/ ; https://embed.typeform.com/ ; https://form.typeform.com/,,hrresourcing@uwe.ac.uk,showing_email_candidates,not_flagged
16,23380,80.lv,no,https://80level.typeform.com/,,contact@80.lv,showing_email_candidates,not_flagged
21,36007,designmynight.com,no,,,katie@designmynight.com ; peaches.fulkes@theaccessgroup.com,showing_email_candidates,not_flagged
23,37542,utmb.edu,no,https://embed.typeform.com/,,social@utmb.edu ; utmbjobs@utmb.edu,showing_email_candidates,not_flagged
25,42528,ouhsc.edu,no,http://form.typeform.com/ ; https://api.typeform.com/ ; https://embed.typeform.com/,,webmaster@ouhsc.edu,showing_email_candidates,not_flagged
26,45127,7sage.com,no,https://api.typeform.com/ ; https://embed.typeform.com/ ; https://form.typeform.com/ ; https://typekit.typeform.com/ ; https://www.typeform.com/,,studentservice@7sage.com,showing_email_candidates,not_flagged
42,101711,eurohandball.com,yes,https://embed.typeform.com/ ; https://form.typeform.com/ ; https://homeofhandball.typeform.com/to/W03Pw3cr,https://homeofhandball.typeform.com/to/W03Pw3cr,handball@ehfmarketing.com ; office@eurohandball.com,showing_email_candidates,not_flagged
59,150970,h2impression.fr,no,https://car-expresso.typeform.com/ ; https://embed.typeform.com/ ; https://form.typeform.com/ ; https://h2impression.typeform.com/ ; https://public-assets.typeform.com/,,info@h2impression.fr ; web@h2impression.fr,showing_email_candidates,not_flagged
67,161879,hautsdefrance.fr,no,https://api.typeform.com/ ; https://embed.typeform.com/,,age-infos@hautsdefrance.fr ; antenne-abbeville@hautsdefrance.fr ; antenne-amiens@hautsdefrance.fr ; antenne-arras@hautsdefrance.fr ; antenne-cambrai@hautsdefrance.fr ; antenne-chateau-thierry@hautsdefrance.fr ; antenne-clermont@hautsdefrance.fr ; antenne-fourmies@hautsdefrance.fr ; antenne-grandvilliers@hautsdefrance.fr ; antenne-hazebrouck@hautsdefrance.fr ; antenne-marck-en-calaisis@hautsdefrance.fr ; antenne-montdidier@hautsdefrance.fr ; antenne-montreuil-sur-mer@hautsdefrance.fr ; antenne-saint-pol-sur-ternoise@hautsdefrance.fr ; antenne-saintquentin@hautsdefrance.fr ; antenne-sallaumines@hautsdefrance.fr ; antenne-soissons@hautsdefrance.fr ; antenne-wallers@hautsdefrance.fr ; atp-infos@hautsdefrance.fr,showing_email_candidates,not_flagged
73,197630,soprema.fr,no,,,formation@soprema.fr,showing_email_candidates,not_flagged
78,210662,repsol.es,no,,,protecciondedatos@repsol.com ; protecciondedatos@repsolluzygas.com ; rgpd.crc@repsol.com,showing_email_candidates,not_flagged
84,228450,velux.com,no,https://embed.typeform.com/ ; https://form.typeform.com/ ; https://velux.typeform.com/,,christian.hansen@velux.com ; stine.paulsen@velux.com,showing_email_candidates,not_flagged
94,246135,nslcleaders.org,no,,,info@nslcleaders.org ; summerscholarships@nslcleaders.org,showing_email_candidates,not_flagged
95,252555,roberts.edu,no,https://embed.typeform.com/,,admissions@roberts.edu,showing_email_candidates,not_flagged
108,279905,argeweb.nl,yes,https://argeweb.typeform.com/ ; https://embed.typeform.com/ ; https://form.typeform.com/ ; https://form.typeform.com/to/Un2WWG2I,https://form.typeform.com/to/Un2WWG2I,support@argeweb.nl,showing_email_candidates,not_flagged
112,284221,vaccination-info.be,no,https://embed.typeform.com/,,notif-hyg@vivalis.brussels ; surveillance.sante@aviq.be,showing_email_candidates,not_flagged
113,285138,japan-experience.com,no,https://embed.typeform.com/,,contact@japan-experience.com,showing_email_candidates,not_flagged
117,295753,engageinteractive.co.uk,yes,https://embed.typeform.com/ ; https://engageinteractive.typeform.com/to/quJUiZWX ; https://form.typeform.com/to/kfyoVjhc,https://engageinteractive.typeform.com/to/quJUiZWX ; https://form.typeform.com/to/kfyoVjhc,hello@engageinteractive.co.uk,showing_email_candidates,not_flagged
119,299758,christophjanz.blogspot.com,yes,http://www.typeform.com/ ; https://embed.typeform.com/ ; https://pointninecap.typeform.com/to/gZKJUl ; https://pointninecap.typeform.com/to/lQTISn ; https://pointninecap.typeform.com/to/lxG7os ; https://pointninecap.typeform.com/to/NvAdFu ; https://pointninecap.typeform.com/to/RgRN1R ; https://www.typeform.com/ ; https://xxx.typeform.com/,https://pointninecap.typeform.com/to/gZKJUl ; https://pointninecap.typeform.com/to/lQTISn ; https://pointninecap.typeform.com/to/lxG7os ; https://pointninecap.typeform.com/to/NvAdFu ; https://pointninecap.typeform.com/to/RgRN1R,christoph@pointninecap.com,showing_email_candidates,not_flagged
124,307123,growthhackingfrance.com,no,,,bienvenue@isoluce.net,showing_email_candidates,not_flagged
127,308922,spid.center,no,https://embed.typeform.com/,,doronkin@spid.center ; melnikova@spid.center ; vorobieva@spid.center,showing_email_candidates,not_flagged
130,315480,wanatop.com,no,https://embed.typeform.com/ ; https://form.typeform.com/,,negocio@wanatop.com,showing_email_candidates,not_flagged
134,326877,pulsarplatform.com,no,https://embed.typeform.com/,,info@pulsarplatform.com,showing_email_candidates,not_flagged
151,389212,fcc-fac.ca,yes,https://fcc-fac.typeform.com/to/MRsDgFBn,https://fcc-fac.typeform.com/to/MRsDgFBn,csc@fcc-fac.ca,showing_email_candidates,not_flagged
154,398254,byrne.com,yes,https://byrneelectrical.typeform.com/to/uoqoJo8H,https://byrneelectrical.typeform.com/to/uoqoJo8H,help@byrne.com,showing_email_candidates,not_flagged
164,421987,susandavid.com,no,,,info@susandavid.com,showing_email_candidates,not_flagged
177,459508,velux.ch,no,,,erlebniswelt@velux.ch,showing_email_candidates,not_flagged
178,460521,fhnb.com,no,,,sabrina.pomeroy@fhnb.com,showing_email_candidates,not_flagged
193,505010,kvaros.ru,no,,,info@kvaros.ru,showing_email_candidates,not_flagged
205,523616,brightbraincentre.co.uk,no,,,info@brightbraincentre.co.uk,showing_email_candidates,not_flagged
208,530570,easy-therm.com,no,,,anfrage@easy-therm.com,showing_email_candidates,not_flagged
211,537359,fiawec.com,no,,,hospitality@fiawec.com,showing_email_candidates,not_flagged
219,563249,inequaligram.net,no,,,info@speakerscorner.co.uk,showing_email_candidates,not_flagged
224,586774,unicef.org.au,no,,,abennett@unicef.org.au ; aquigley@unicef.org.au ; philanthropy@unicef.org.au ; support@unicef.org.au,showing_email_candidates,not_flagged
225,586901,rps.org,no,,,dan@rps.org ; liz@rps.org,showing_email_candidates,not_flagged
253,654093,improvehealth.info,no,,,info@menopausecare.co.uk,showing_email_candidates,not_flagged
271,737440,minifiglabs.com,yes,https://fishntoast.typeform.com/to/NIPrvGbJ,https://fishntoast.typeform.com/to/NIPrvGbJ,scientist@minifiglabs.com,showing_email_candidates,not_flagged
292,838743,dragonflimedia.com,no,,,hdhonau@dragonflimedia.com,showing_email_candidates,not_flagged
315,967946,mysecureadvantage.com,no,,,privacy@mysecureadvantage.com,showing_email_candidates,not_flagged
317,990537,drpaulo.com.br,no,,,drpaulo@drpaulo.com.br,showing_email_candidates,not_flagged
322,1035781,justbit.it,no,,,info@justbit.it,showing_email_candidates,not_flagged
338,1171605,europeanlemansseries.com,no,,,hospitality@europeanlemansseries.com,showing_email_candidates,not_flagged
348,1254210,ibuku.com,yes,,,press@ibuku.com ; sales@ibuku.com ; work@ibuku.com,showing_email_candidates,not_flagged
349,1268871,searchviu.com,no,,,info@searchviu.com,showing_email_candidates,not_flagged
356,1298796,velux.es,no,,,servicio.instalacion@velux.com,showing_email_candidates,not_flagged
358,1348138,shipbrokers.jp,no,,,brokers@tsltanker.co.jp ; operation@shoun-marine.jp ; projects.jp@ssyglobal.com ; sanwa308@sepia.ocn.ne.jp ; ships@ships21.co.jp ; sunbeam@sunbeamship.co.jp ; takashi.kuramoto@seafortnavi.com ; tsc@teraship.co.jp ; univership@univership.com,showing_email_candidates,not_flagged
360,1375966,arabbank.com.qa,no,,,corporate.businesscenter@arabbank.com,showing_email_candidates,not_flagged
361,1385121,monticket.com,yes,,,contact-web@pomme-prod.com ; disneyce@pomme-prod.com ; serviceclients@pomme-prod.com,showing_email_candidates,not_flagged
362,1397501,pickupalpha.com,no,,,squattincassanova@pickupalpha.com,showing_email_candidates,not_flagged
373,1467835,velux.dk,no,,,dagslys@velux.com ; service@velux.dk,showing_email_candidates,not_flagged
383,1516796,soprema.us,no,,,salesforce@performanceroofsystems.us,showing_email_candidates,not_flagged
388,1572074,nakashima-motors.com,no,,,info@nakashima-motors.com,showing_email_candidates,not_flagged
402,1679515,velux.ie,no,,,daylight@velux.co.uk,showing_email_candidates,not_flagged
404,1686857,illinoismun.org,no,,,secgen@illinoismun.org ; secretary@illinoismun.org,showing_email_candidates,not_flagged
412,1747204,cupola.com.br,no,,,contato@cupola.com.br,showing_email_candidates,not_flagged
432,1876830,medievalfair.org,no,,,medievalfair@ou.edu,showing_email_candidates,not_flagged
440,1922878,crema.us,no,,,hello@crema.us,showing_email_candidates,not_flagged
441,1939613,commartthailand.com,no,,,ctm@arip.co.th,showing_email_candidates,not_flagged
453,1983414,mommybites.com,no,,,info@mommybites.com ; jlf238@gmail.com ; laneythe86@gmail.com,showing_email_candidates,not_flagged
456,1991300,jumpingrivers.com,no,,,hello@jumpingrivers.com,showing_email_candidates,not_flagged
457,1998750,grandcasinobaden.ch,yes,,,grandwinners@grandcasinobaden.ch ; info@grandcasinobaden.ch ; restaurant@grandcasinobaden.ch,showing_email_candidates,not_flagged
469,2046491,amhydro.com,yes,,,info@amhydro.com ; jenny@amhydro.com ; joe@amhydro.com ; lydia@amhydro.com ; maya@amhydro.com ; orders@amhydro.com ; rudy@amhydro.com,showing_email_candidates,not_flagged
471,2059612,eyelaser.at,no,,,info@eyelaser.at,showing_email_candidates,not_flagged
477,2124972,dealkit.com,no,,,careers@dealkit.com,showing_email_candidates,not_flagged
478,2127259,ekincare.com,no,,,aravind@ekincare.com ; careers@ekincare.com ; customerexecutive@ekincare.com ; info@ekincare.com,showing_email_candidates,not_flagged
479,2138320,harrisranchbeef.com,no,,,a.attia@halalnational.com ; a.attia@sbcglobal.net,showing_email_candidates,not_flagged
490,2214162,pjhayman.com,yes,,,jon.mainwaring@pjhayman.com,showing_email_candidates,not_flagged
491,2215341,eastridingleisure.co.uk,no,,,leisure@eastriding.gov.uk,showing_email_candidates,not_flagged
496,2232844,flint.nl,no,,,evenementen@flint.nl ; kassa@flint.nl,showing_email_candidates,not_flagged
499,2240814,mydentistaz.com,no,,,office@mydentistaz.com,showing_email_candidates,not_flagged
504,2313895,comon.pt,no,,,geral@comon.pt,showing_email_candidates,not_flagged
506,2333940,agcc.co.uk,yes,,,bulletin@agcc.co.uk ; info@agcc.co.uk ; membership@agcc.co.uk,showing_email_candidates,not_flagged
514,2346048,haddadsmarket.com,yes,,,questions@haddadsmarket.com,showing_email_candidates,not_flagged
522,2402372,tremor.com,yes,,,geoff@tremor.com,showing_email_candidates,not_flagged
523,2410868,centralpc.org,no,,,office@centralpc.org,showing_email_candidates,not_flagged
524,2411305,iarmas.cl,no,,,asistenciaproveedores@empresasarmas.cl ; clientes@empresasarmas.cl ; jcofre@empresasarmas.cl ; jpenaloza@empresasarmas.cl,showing_email_candidates,not_flagged
525,2412185,unfundedlist.com,yes,,,dave@unfundedlist.com,showing_email_candidates,not_flagged
544,2567940,animalfreeresearchuk.org,no,,,hello@animalfreeresearchuk.org,showing_email_candidates,not_flagged
548,2604546,urbancropsolutions.com,yes,,,sales@urbancropsolutions.com,showing_email_candidates,not_flagged
549,2607908,enzo.pl,no,,,kontakt@enzo.pl,showing_email_candidates,not_flagged
551,2614685,furbishco.com,no,,,abenenati@furbishco.com ; acapapas@furbishco.com ; accounting@furbish.com ; aweller@furbishco.com ; celittmann@furbishco.com ; claudia.littmann@furbishco.com ; ekohen@furbishco.com ; esidwell@furbishco.com ; estimating@furbishco.com ; hr@furbishco.com ; info@furbishco.com ; jparker@soprema.us ; sdavis@furbishco.com ; twheeler@furbishco.com,showing_email_candidates,not_flagged
552,2631391,ethicalseoconsulting.com,yes,,,cmeraz@ethicalseoconsulting.com ; mgreen@jurisdigital.com,showing_email_candidates,not_flagged
557,2653071,smpl.co,no,,,help@smpl.co,showing_email_candidates,not_flagged
562,2668008,toscanaslc.com,no,,,info@toscanaslc.com ; reservations@toscanaslc.com,showing_email_candidates,not_flagged
563,2676589,muf.se,no,,,alva.doyle@moderaterna.se ; arthur.limmergard@moderaterna.se ; arvid.persson@moderaterna.se ; carl.hedenbergh@moderaterna.se ; charlie.hederbergt@moderaterna.se ; charlotte.carlgren@moderaterna.se ; edvin.littorin@moderaterna.se ; elias.akerman@moderaterna.se ; elin.bohlin@moderaterna.se ; elsa.wikner@moderaterna.se ; emma.falkbacken@moderaterna.se ; erik.henriksson@moderaterna.se ; florencia.arocalopez@moderaterna.se ; fredrik.eneroth@moderaterna.se ; hugo.rofors@moderaterna.se ; isac.rubin@moderaterna.se ; izabel.riedl@moderaterna.se ; john.rundkvist@moderaterna.se ; linus.heimdal@moderaterna.se ; lucas.amgren@moderaterna.se ; ludvig.anderstrom.muf@gmail.com ; marcus.rydberg@moderaterna.se ; maria.nordgren@moderaterna.se ; michael.hessen@moderaterna.se ; muf.medlem@moderaterna.se ; n@moderaterna.se ; oliver.wallstedt@moderaterna.se ; oscar.widmark@moderaterna.se ; sam.kharazmi@moderaterna.se ; sara.fladje@moderaterna.se ; simon.timsakarlsson@moderaterna.se ; wilhelm.warnborn@moderaterna.se,showing_email_candidates,not_flagged
565,2687311,modomodoagency.com,no,,,hi@modomodoagency.com,showing_email_candidates,not_flagged
569,2714204,fiduciaryfinancialpartners.com,no,,,nick@fiduciaryfp.com,showing_email_candidates,not_flagged
578,2776796,everlastingelopements.com,yes,,,info@everlastingelopements.com,showing_email_candidates,not_flagged
579,2783612,comegetcustomized.com,yes,,,sales@comegetcustomized.com,showing_email_candidates,not_flagged
585,2812175,champagnecastle.co.za,no,,,info@champagnecastle.co.za,showing_email_candidates,not_flagged
586,2829155,adelie-assurances.com,no,,,contact@adelie-assurances.com,showing_email_candidates,not_flagged
587,2830636,theatre-madeleine.com,yes,,,billetterie@theatremadeleine.com ; compta@theatremadeleine.com ; evenements@theatremadeleine.com ; groupes@theatremadeleine.com ; kletellier@theatremadeleine.com ; pbonneau@theatremadeleine.com ; regie@theatremadeleine.com ; serviceclient@theatremadeleine.com,showing_email_candidates,not_flagged
593,2869049,peakup.org,no,,,info@peakup.org,showing_email_candidates,not_flagged
604,2929462,danceaustinstudio.com,no,,,danceaustinowner@gmail.com,showing_email_candidates,not_flagged
606,2955294,institutodaprostata.com,no,,,geral@institutodaprostata.com,showing_email_candidates,not_flagged
611,2971631,fluidmasteruk.com,no,,,dpr@fluidmaster.com ; salesuk@fluidmaster.com,showing_email_candidates,not_flagged
614,2983253,cadastre.ch,no,,,agi@bd.so.ch ; agi@sh.ch ; agi@sz.ch ; agi@tg.ch ; are.vermessung@bd.zh.ch ; dfe-ucr@ti.ch ; dit@etat.ge.ch ; ds.jd@ur.ch ; geo@bs.ch ; geoinformation@ai.ch ; geoinformation@bl.ch ; gva@bs.ch ; hochbau@gl.ch ; info.agg@zg.ch ; info.agi@be.ch ; info.atg@llv.li ; info.dcg@vd.ch ; info.oerebk@be.ch ; info@alg.gr.ch ; info@budareg.sg.ch ; oereb@ag.ch ; raum.wald@ar.ch ; raumentwicklung@nw.ch ; rawi@lu.ch ; scg.sdt@jura.ch ; sgeo@fr.ch ; sgrf@ne.ch ; sitvs@admin.vs.ch ; vermessung@swisstopo.ch ; vermessungsamt@ag.ch ; volkswirtschaftsamt@ow.ch,showing_email_candidates,not_flagged
618,3006452,ohd.dk,yes,,,kontakt@ohd.dk,showing_email_candidates,not_flagged
621,3014917,allenmemorial.org,no,,,ambc@allenmemorial.org,showing_email_candidates,not_flagged
641,3084226,symetri.se,no,,,info@symetri.se ; martin.burrows@symetri.com ; mats.forssen@symetri.com ; support@symetri.se,showing_email_candidates,not_flagged
647,3101713,pianodebiti.it,no,,,info@pianodebiti.it,showing_email_candidates,not_flagged
649,3105229,kidpreneurs.org,yes,,,hello@kidpreneurs.org,showing_email_candidates,not_flagged
651,3108897,trasterosplus.es,yes,,,juanxxiii@trasterosplus.es ; laslagunas@trasterosplus.es ; sanmillan@trasterosplus.es,showing_email_candidates,not_flagged
668,3229701,teonite.com,yes,,,hello@teonite.com ; mike@teonite.com ; robert@teonite.com,showing_email_candidates,not_flagged
669,3243990,route66ventures.com,no,,,arif@r66.vc ; ben@r66.vc ; david@r66.vc ; eric@r66.vc ; joe@r66.vc ; mike@r66.vc ; ryan@r66.vc ; stuart@r66.vc ; trent@r66.vc,showing_email_candidates,not_flagged
679,3290142,seminare4you.de,yes,,,rkwichmann@web.de,showing_email_candidates,not_flagged
681,3305270,tabanmd.com,yes,,,office@tabanmd.com,showing_email_candidates,not_flagged
701,3417055,georgboerner.de,no,,,boerner-technik@soprema.de ; boerner@soprema.de ; mboerner@soprema.de ; mschwarz@soprema.de ; tgrau@soprema.de,showing_email_candidates,not_flagged
705,3437762,systronic.com.au,no,,,info@systronic.com.au,showing_email_candidates,not_flagged
723,3548526,okautism.org,no,,,amber-davis@ouhsc.edu ; michele-deberry@ouhsc.edu ; okautism@ouhsc.edu,showing_email_candidates,not_flagged
730,3622625,floydsuk.com,no,,,sales@floydsuk.com,showing_email_candidates,not_flagged
737,3657633,firstavenue.it,no,,,support@firstavenue.it,showing_email_candidates,not_flagged
740,3665501,coachingwithroy.com,no,,,roy@coachingwithroy.com,showing_email_candidates,not_flagged
749,3716967,aric-ama.co.jp,no,,,info@aric-ama.co.jp,showing_email_candidates,not_flagged
750,3727565,rigolcanada.com,no,,,onlinesales@electro-meters.com,showing_email_candidates,not_flagged
757,3772477,refugecf.com,no,,,brent@refugecf.com ; info@refugecf.com,showing_email_candidates,not_flagged
760,3787752,arabbank.ma,no,,,corporate.businesscenter@arabbank.com,showing_email_candidates,not_flagged
761,3789856,mainmetall.de,yes,,,marketing@mainmetall.de,showing_email_candidates,not_flagged
764,3820353,umkumbe.co.za,no,,,res@umkumbe.co.za,showing_email_candidates,not_flagged
765,3823857,raionpoadresu.ru,yes,,,contact@sprweb.ru,showing_email_candidates,not_flagged
771,3876290,bhaviksarkhedi.com,yes,,,brand@ohhmybrand.com,showing_email_candidates,not_flagged
784,3961896,thepizzaproject.co.uk,no,,,cafe@thepizzaproject.co.uk ; info@thepizzaproject.co.uk,showing_email_candidates,not_flagged
789,3983192,chilefacilitadores.cl,no,,,contacto@chilefacilitadores.cl,showing_email_candidates,not_flagged
790,3988071,kokuou.com,no,,,shop@kokuou.com,showing_email_candidates,not_flagged
799,4031005,pahrtners.be,yes,,,info@pahrtners.be ; recruitment@pahrtners.be,showing_email_candidates,not_flagged
806,4085382,ateamtuition.com,yes,,,info@ateamtuition.com,showing_email_candidates,not_flagged
813,4137159,pullnsave.com,yes,,,info@pullnsave.com,showing_email_candidates,not_flagged
817,4159089,isomatex.com,no,,,info@isomatex.com,showing_email_candidates,not_flagged
821,4164230,visch-vanzeggelaar.nl,no,,,aart@visch-vanzeggelaar.nl ; amsterdam@visch-vanzeggelaar.nl ; beheer@visch-vanzeggelaar.nl ; bob@visch-vanzeggelaar.nl ; bussum@visch-vanzeggelaar.nl ; carlijn@visch-vanzeggelaar.nl ; daan@visch-vanzeggelaar.nl ; danielle@visch-vanzeggelaar.nl ; dominique@visch-vanzeggelaar.nl ; dorien@visch-vanzeggelaar.nl ; emma@visch-vanzeggelaar.nl ; jeroen@visch-vanzeggelaar.nl ; juliette@visch-vanzeggelaar.nl ; laren@visch-vanzeggelaar.nl ; lisanne@visch-vanzeggelaar.nl ; lon@visch-vanzeggelaar.nl ; martijn@visch-vanzeggelaar.nl ; olivier@visch-vanzeggelaar.nl ; sjors@visch-vanzeggelaar.nl ; stanley@visch-vanzeggelaar.nl,showing_email_candidates,not_flagged
826,4192016,ardent-group.com,no,,,info@ardent-group.com,showing_email_candidates,not_flagged
829,4203892,symetri.fi,no,,,info@symetri.fi ; janne.talvitie@symetri.com ; juho.laine@symetri.com ; jyrki.petsalo@symetri.com ; markku.koistinen@symetri.com ; marko.aivio@symetri.com ; support@symetri.fi ; timo.vayrynen@symetri.com,showing_email_candidates,not_flagged
830,4217790,tullystraining.com,yes,,,tullystraining@gmail.com,showing_email_candidates,not_flagged
833,4235739,figt.org,no,,,support@wildapricot.com,showing_email_candidates,not_flagged
834,4235880,loeft.no,no,,,salg@loeft.no,showing_email_candidates,not_flagged
836,4253036,kinit.mx,yes,,,aoteromac@kinit.mx ; carlos.abraham@kinit.mx ; cesar@kinit.mx ; colin@kinit.mx ; cristina@kinit.mx ; daniel@kinit.mx ; david@kinit.mx ; devs@kinit.mx ; gerardo@kinit.mx ; isaac@kinit.mx ; jonathan@kinit.mx ; juanjo@kinit.mx ; monica@kinit.mx ; paola@kinit.mx ; sofia@kinit.mx,showing_email_candidates,not_flagged
837,4254763,velux.com.tr,no,,,v-tr@velux.com,showing_email_candidates,not_flagged
840,4275432,gettothegym.com,no,,,customerservice@gettothegym.com,showing_email_candidates,not_flagged
843,4299302,harleyjohnston.com,no,,,harley@harleyjohnston.com,showing_email_candidates,not_flagged
846,4302366,medicaldiscoverynews.com,no,,,md.news@utmb.edu,showing_email_candidates,not_flagged
848,4311326,baluvaithinathan.com,no,,,iam@baluvaithinathan.com,showing_email_candidates,not_flagged
860,4393878,advisable.gr,yes,,,welcome@advisable.gr,showing_email_candidates,not_flagged
861,4394602,fits-tyo.com,no,,,henshu@fits-tyo.com,showing_email_candidates,not_flagged
863,4411523,oldbicycleshop.com,no,,,info@oldbicycleshop.com,showing_email_candidates,not_flagged
873,4525700,totalsafes.co.uk,no,,,info@totalsafes.co.uk,showing_email_candidates,not_flagged
898,4654353,sunborninfinity.gi,no,,,spa@infinitysunborn.com ; spa@sunborngibraltar.com,showing_email_candidates,not_flagged
903,4675896,ftuebe.es,yes,,,secretaria@ftuebe.es,showing_email_candidates,not_flagged
907,4695061,finestshops.com,no,,,sales@finestshops.com,showing_email_candidates,not_flagged
910,4717812,stanchem-inc.com,no,,,auchy@stanchem-inc.com ; cnye@stanchem-inc.com ; csullivan@stanchem-inc.com ; info@stanchem-inc.com,showing_email_candidates,not_flagged
936,4844903,matchmysound.com,no,,,sfreeman@matchmysound.com,showing_email_candidates,not_flagged
951,4933813,velux.ua,no,,,velux.ukraine@velux.com,showing_email_candidates,not_flagged
953,4954109,cccofgod.org,no,,,church@cccofgod.org,showing_email_candidates,not_flagged
956,4987230,cstenero.ch,no,,,cstenero@baspo.admin.ch,showing_email_candidates,not_flagged
962,5014651,yesandyesyes.com,yes,,,help@yxyy.us ; partners@yxyy.us,showing_email_candidates,not_flagged
964,5018163,awsr.be,no,,,avr@awsr.be ; comm@awsr.be ; dac@awsr.be ; formation@awsr.be ; info@awsr.be ; info@mobilit.fgov.be ; mobilite.infrastructures@spw.wallonie.be ; rdvpedagogique@awsr.be ; stat@awsr.be,showing_email_candidates,not_flagged
968,5073219,nutislab.com,yes,,,information@nutislab.com,showing_email_candidates,not_flagged
969,5075474,idealabsconsulting.com,no,,,info@example.com ; info@idealabsconsulting.com,showing_email_candidates,not_flagged
980,5170775,eobc.co.uk,yes,,,info@veyevents.co.uk,showing_email_candidates,not_flagged
981,5178356,softtrader.nl,yes,,,info@softtrader.nl,showing_email_candidates,not_flagged
986,5205822,hourigan.co,yes,,,ben@hourigan.co,showing_email_candidates,not_flagged
994,5242924,lanoirsaddleworld.com.au,no,,,info@lanoirsaddleworld.com.au,showing_email_candidates,not_flagged
996,5256627,crossfit536.ie,no,,,info@crossfit536.ie,showing_email_candidates,not_flagged
999,5265125,eyelaser.ch,no,,,info@eyelaser.ch,showing_email_candidates,not_flagged
1001,5270915,cecpd.org,no,,,ccp@necpa.net ; cdafeedback@cdacouncil.org ; cecpd@ou.edu ; pdas@ou.edu,showing_email_candidates,not_flagged
1004,5285227,collinsdental.com,yes,,,info@collinsdental.com,showing_email_candidates,not_flagged
1006,5289192,alternativeballistics.com,no,,,info@alternativeballistics.com,showing_email_candidates,not_flagged
1008,5324302,zuidema.nl,no,,,info@zuidema.nl,showing_email_candidates,not_flagged
1017,5357391,adsystems.es,no,,,info@adsystems.es,showing_email_candidates,not_flagged
1019,5360365,sould.se,no,,,business@sould.se ; christian@sould.se ; david@sould.se ; elin@sould.se ; elvine@sould.se ; emanuel@sould.se ; filippa@sould.se ; info@sould.se ; jakob@sould.se ; jobs@sould.se ; kajsa@sould.se ; praktik@sould.se ; sara@sould.se,showing_email_candidates,not_flagged
1022,5380112,duxpaint.com,no,,,bea@duxpaint.com ; info@835272b8b4.nxcli.io ; info@duxpaint.com,showing_email_candidates,not_flagged
1024,5386867,goldenwestmachine.com,no,,,dan@goldenwestmachine.com ; nick@goldenwestmachine.com ; sales@goldenwestmachine.com ; sarah@goldenwestmachine.com ; shane@goldenwestmachine.com ; simone@goldenwestmachine.com ; stephen@goldenwestmachine.com,showing_email_candidates,not_flagged
1028,5400210,m2ngage.com,no,,,info@m2ngage2.com,showing_email_candidates,not_flagged
1029,5407143,0120895234.com,no,,,ti-co@hkg.odn.ne.jp,showing_email_candidates,not_flagged
1035,5430894,prinsloozeeman.co.za,no,,,info@prinsloozeeman.co.za,showing_email_candidates,not_flagged
1037,5432281,capitalindexpartners.com,no,,,partners@vantosmarkets.co.uk,showing_email_candidates,not_flagged
1042,5450682,evologi.it,yes,,,jobs@evologi.it ; support@evologi.it,showing_email_candidates,not_flagged
1054,5514402,joblink-ama.com,no,,,hearteyes19902@gmail.com,showing_email_candidates,not_flagged
1055,5522288,milanopsichiatra.com,no,,,irenevanelli@gmail.com,showing_email_candidates,not_flagged
1057,5526216,fvpi.ch,no,,,ventes@fvpi.ch,showing_email_candidates,not_flagged
1058,5534163,peopleshistorynhs.org,no,,,tbc@warwick.ac.uk,showing_email_candidates,not_flagged
1062,5574858,tecnyshop.es,yes,,,expansion@tecnyshop.com ; marketing@tecnyshop.com,showing_email_candidates,not_flagged
1074,5622837,kuatro.com.mx,no,,,ventas@kuatro.com.mx,showing_email_candidates,not_flagged
1075,5636434,sagawaclinic.com,no,,,covid-19@sagawaclinic.com,showing_email_candidates,not_flagged
1084,5660378,faberlab.org,no,,,info@faberlab.org,showing_email_candidates,not_flagged
1087,5700306,clcvecta.nl,no,,,info@clcvecta.nl,showing_email_candidates,not_flagged
1109,5793609,lafayetteinstrument.com,no,,,brian@lafayetteinstrument.com ; info@lafayetteinstrument.com ; market@lafayetteinstrument.com ; polygraph@lafayetteinstrument.com ; sales@lafayetteinstrument.com ; techsupport@alzet.com,showing_email_candidates,not_flagged
1111,5806717,lezu.com,no,,,info@lezu.com ; patricia@lezu.com,showing_email_candidates,not_flagged
1123,5852261,modulservis.cz,yes,,,obchod@modulservis.cz,showing_email_candidates,not_flagged
1124,5855685,webforce.be,yes,,,support@webforce.be,showing_email_candidates,not_flagged
1125,5857895,garkaneenergy.com,no,,,bryant.shakespear@garkane.com ; fsr@garkane.com ; info@garkane.com ; james.clegg@garkane.com,showing_email_candidates,not_flagged
1168,6089030,darveen.com,no,,,sales@darveen.com,showing_email_candidates,not_flagged
1172,6132695,tuclase.cl,yes,,,contacto@tuclase.cl,showing_email_candidates,not_flagged
1181,6175011,creativezinkin.com,no,,,info@creativezinkin.com,showing_email_candidates,not_flagged
1182,6185679,react-studios.com,no,,,reactstudiosllc@gmail.com,showing_email_candidates,not_flagged
1186,6193936,victoriabauman.com,no,,,hello@victoriabauman.com,showing_email_candidates,not_flagged
1187,6195227,symetri.co.uk,no,,,henrik.munk.madsen@symetri.com ; info@symetri.co.uk ; support@symetri.co.uk,showing_email_candidates,not_flagged
1189,6206408,valipac.be,no,,,customer@valipac.be ; info@valipac.be,showing_email_candidates,not_flagged
1191,6211081,theitalianacademy.com,no,,,info@theitalianacademy.com,showing_email_candidates,not_flagged
1194,6229994,roscolive.com,no,,,videomatics@roscovision.com,showing_email_candidates,not_flagged
1196,6248706,astonmartinbrussels.com,no,,,info@astonmartinbrussels.com,showing_email_candidates,not_flagged
1197,6252944,medicalfitness.ch,no,,,info@medicalfitness.ch,showing_email_candidates,not_flagged
1201,6258584,ausproof.com.au,yes,,,james.ibell@ausproof.com.au ; john.boulter@ausproof.com.au ; westernaustralia@ausproof.com.au,showing_email_candidates,not_flagged
1205,6292602,amandasanders.com,no,,,amanda@amandasanders.com,showing_email_candidates,not_flagged
1224,6351855,expatwealthadvice.com,yes,,,info@handyadvice.com,showing_email_candidates,not_flagged
1229,6360859,naturalsmiles.co.uk,no,,,info@naturalsmiles.co.uk ; smile@naturalsmiles.co.uk,showing_email_candidates,not_flagged
1231,6361312,charleslevick.com,no,,,info@charleslevick.co.uk,showing_email_candidates,not_flagged
1235,6370288,experthairtransplant.com,no,,,info.experthairtransplant@gmail.com,showing_email_candidates,not_flagged
1237,6372222,bagnesimmobilier.ch,yes,,,info@bagnesimmobilier.ch,showing_email_candidates,not_flagged
1238,6375603,zipxpress.net,no,,,pricing@zipxpress.net ; sales@zipxpress.net,showing_email_candidates,not_flagged
1244,6399464,keet.com,no,,,info@keet.com,showing_email_candidates,not_flagged
1261,6492398,ingeus.com.sg,no,,,contactus@ingeus.com.sg,showing_email_candidates,not_flagged
1262,6492723,odafarm.com,no,,,odaagri@gmail.com,showing_email_candidates,not_flagged
1264,6533520,atlassuites.com,yes,,,info@atlassuites.com,showing_email_candidates,not_flagged
1265,6536752,eliteayurveda.com,no,,,care@eliteayurveda.com,showing_email_candidates,not_flagged
1267,6545561,resgata.com.br,no,,,vendas@resgata.com.br,showing_email_candidates,not_flagged
1271,6557776,espressodeck.com,no,,,info@espressodeck.com,showing_email_candidates,not_flagged
1273,6562814,linkity.net,no,,,antti@linkity.net ; ap@linkity.net,showing_email_candidates,not_flagged
1279,6616956,arturgold.com,no,,,aruturgold@arturgold.com,showing_email_candidates,not_flagged
1280,6618164,cityskichampionships.com,yes,,,amin@momentumski.com,showing_email_candidates,not_flagged
