domain,publicwww_rank,indexed_typeform_url,source_file
100percentfedup.com,105891,https://trump.typeform.com/to/Gc5Q2Ujl,publicwww_form_test1.csvsnippets
20k.org,898076,https://dfcto.typeform.com/to/zFoloHNN,publicwww_form_test1.csvsnippets
3dninja.nl,581870,https://webformulier.typeform.com/to/bsIpDijr,publicwww_form_test1.csvsnippets
6rs.co.uk,598435,https://6rs.typeform.com/to/lCT4Bb,publicwww_form_test1.csvsnippets
7sage.com,45127,https://api.typeform.com/,publicwww_typeform_indexed_urls_broad2.csvsnippets
7sage.com,45127,https://embed.typeform.com/,publicwww_typeform_indexed_urls_broad2.csvsnippets
7sage.com,45127,https://form.typeform.com/,publicwww_typeform_indexed_urls_broad2.csvsnippets
7sage.com,45127,https://typekit.typeform.com/,publicwww_typeform_indexed_urls_broad2.csvsnippets
7sage.com,45127,https://www.typeform.com/,publicwww_typeform_indexed_urls_broad2.csvsnippets
80.lv,23380,https://80level.typeform.com/,publicwww_typeform_indexed_urls_broad2.csvsnippets
a2-services-sarrebourg.fr,510646,https://form.typeform.com/to/K3biZfgl,publicwww_form_test1.csvsnippets
aandbcounseling.com,586714,https://aandbcounseling.typeform.com/to/NIWJwU,publicwww_form_test1.csvsnippets
academictransfer.com,183975,https://academictransfer.typeform.com/,publicwww_typeform_indexed_urls_broad2.csvsnippets
accessfloorpolygroup.com,140029,https://form.typeform.com/to/qY8myemK,publicwww_form_test1.csvsnippets
acionline.biz,807593,https://form.typeform.com/to/DC1hrkpp,publicwww_form_test1.csvsnippets
aec.es,606581,https://admin.typeform.com/to/dwk6gt,publicwww_form_test1.csvsnippets
afternoontea.co.uk,912607,https://afternoontea.typeform.com/to/WLd1OoGu,publicwww_form_test1.csvsnippets
agua.org.mx,149297,https://tipousuarios.typeform.com/to/e7yDkL,publicwww_form_test1.csvsnippets
aiesecushub.org,910444,https://aiesecusa.typeform.com/to/KEf2LE,publicwww_form_test1.csvsnippets
aighostels.it,366406,https://premium-domains.typeform.com/to/pMKHOM,publicwww_form_test1.csvsnippets
al-islam.org,49281,https://form.typeform.com/to/cSOR4v9J,publicwww_form_test1.csvsnippets
alboan.org,353398,https://form.typeform.com/to/pmpyTgp0,publicwww_form_test1.csvsnippets
alfred.com,65085,https://makemusic0320.typeform.com/to/dsYpOj,publicwww_form_test1.csvsnippets
alittlebityummy.com,429595,https://admin.typeform.com/to/dwk6gt,publicwww_form_test1.csvsnippets
alkitaabtextbook.com,213562,https://form.typeform.com/to/DKiDcp8o,publicwww_form_test1.csvsnippets
alphagamma.eu,283077,https://alphagamma.typeform.com/to/uHJEoU,publicwww_form_test1.csvsnippets
amipass.com,759075,https://amipass.typeform.com/to/BcTVDWHf,publicwww_form_test1.csvsnippets
amny.com,78552,https://schnepsmedia.typeform.com/to/BYn03iAI,publicwww_form_test1.csvsnippets
amny.com,78552,https://schnepsmedia.typeform.com/to/aM0Y6E7y,publicwww_form_test1.csvsnippets
amny.com,78552,https://schnepsmedia.typeform.com/to/nvZQ6KGu,publicwww_form_test1.csvsnippets
amny.com,78552,https://schnepsmedia.typeform.com/to/rwZOHoPo,publicwww_form_test1.csvsnippets
amny.com,78552,https://schnepsmedia.typeform.com/to/sUQsZDpt,publicwww_form_test1.csvsnippets
amny.com,78552,https://schnepsmedia.typeform.com/to/tb5jfh,publicwww_form_test1.csvsnippets
amny.com,78552,https://schnepsmedia.typeform.com/to/ukjQx7pc,publicwww_form_test1.csvsnippets
amsterdamsmartcity.com,283928,https://kennislab.typeform.com/to/MRNbvgIl,publicwww_form_test1.csvsnippets
animeuknews.net,108283,https://embed.typeform.com/,publicwww_typeform_indexed_urls_broad2.csvsnippets
anuschkarees.com,708043,https://zesuwrgqnyx.typeform.com/to/w93opCDO,publicwww_form_test1.csvsnippets
apgis.com,273541,https://embed.typeform.com/,publicwww_typeform_indexed_urls_broad2.csvsnippets
apparelsearch.com,191473,https://admin.typeform.com/,publicwww_typeform_indexed_urls_broad2.csvsnippets
apparelsearch.com,191473,https://appsearchaolcom.typeform.com/to/ix8CHi,publicwww_form_test1.csvsnippets
apparelsearch.com,191473,https://embed.typeform.com/,publicwww_typeform_indexed_urls_broad2.csvsnippets
appskimtn.com,947200,https://llrom1ikm1l.typeform.com/to/NxNeni1d,publicwww_form_test1.csvsnippets
appvirality.com,334536,https://appviralityinc.typeform.com/to/WP67CV,publicwww_form_test1.csvsnippets
archertravel.com,883479,https://form.typeform.com/to/dNiA8voJ,publicwww_form_test1.csvsnippets
argeweb.nl,279905,https://argeweb.typeform.com/,publicwww_typeform_indexed_urls_broad2.csvsnippets
argeweb.nl,279905,https://embed.typeform.com/,publicwww_typeform_indexed_urls_broad2.csvsnippets
argeweb.nl,279905,https://form.typeform.com/,publicwww_typeform_indexed_urls_broad2.csvsnippets
argeweb.nl,279905,https://form.typeform.com/to/Un2WWG2I,publicwww_form_test1.csvsnippets
articleforge.com,149091,https://articleforge.typeform.com/,publicwww_typeform_indexed_urls_broad2.csvsnippets
astropad.com,389784,https://astrohq.typeform.com/to/It06DPqa,publicwww_form_test1.csvsnippets
astropad.com,389784,https://astrohq.typeform.com/to/L2zr1LRU,publicwww_form_test1.csvsnippets
astropy.org,387792,https://numfocus.typeform.com/to/ynjGdT,publicwww_form_test1.csvsnippets
austsuperfoods.com.au,947850,https://jf1erx18pd3.typeform.com/to/GOgwM5Ae,publicwww_form_test1.csvsnippets
babesglamour.com,935235,https://unboundbabes.typeform.com/to/X97st4Id,publicwww_form_test1.csvsnippets
back4app.com,213661,https://back4app.typeform.com/to/dhX67Q,publicwww_form_test1.csvsnippets
badgelist.com,235507,https://embed.typeform.com/,publicwww_typeform_indexed_urls_broad2.csvsnippets
badgelist.com,235507,https://form.typeform.com/to/RaASTkUQ,publicwww_form_test1.csvsnippets
barberbelow.com,913752,https://rob286985.typeform.com/to/znOQC7x5,publicwww_form_test1.csvsnippets
basser.org,140302,https://basser.typeform.com/to/k2exHunJ,publicwww_form_test1.csvsnippets
bcama.com,808826,https://ixplla0gylq.typeform.com/to/Z3uvJM4O,publicwww_form_test1.csvsnippets
beautysuccess.fr,177902,https://form.typeform.com/,publicwww_typeform_indexed_urls_broad2.csvsnippets
bedrocklearning.org,537851,https://dhw7pme89xg.typeform.com/to/PacFCMzD,publicwww_form_test1.csvsnippets
beehive.org,431293,https://beehivefcu.typeform.com/to/Bx5jlKFJ,publicwww_form_test1.csvsnippets
beehive.org,431293,https://beehivefcu.typeform.com/to/MURCPnYA,publicwww_form_test1.csvsnippets
betterleadersbetterschools.com,835672,https://danielbauer1.typeform.com/to/JKA5V9VM,publicwww_form_test1.csvsnippets
bheroes.it,559295,https://form.typeform.com/to/SiwPi3Qn,publicwww_form_test1.csvsnippets
billetto.co.uk,319118,https://billettoorganisers.typeform.com/to/EOClS8,publicwww_form_test1.csvsnippets
billetto.dk,98431,https://billettoorganisers.typeform.com/to/EOClS8,publicwww_form_test1.csvsnippets
billetto.no,332659,https://billettoorganisers.typeform.com/to/EOClS8,publicwww_form_test1.csvsnippets
billetto.se,232518,https://billettoorganisers.typeform.com/to/EOClS8,publicwww_form_test1.csvsnippets
billpocket.com,754561,https://kushkipagos.typeform.com/to/ptYAJclF,publicwww_form_test1.csvsnippets
binaryelectronic.com,809018,https://form.typeform.com/to/jF7qtSKQ,publicwww_form_test1.csvsnippets
biomedcentral.com,4179,https://biomedcentral.typeform.com/to/VLXboo,publicwww_form_test1.csvsnippets
bluebees.fr,511989,https://w3gylb26hek.typeform.com/to/FgkgeXmX,publicwww_form_test1.csvsnippets
blueskyluxury.com,904290,https://form.typeform.com/to/aqy3eIni,publicwww_form_test1.csvsnippets
blujamcafe.com,949484,https://form.typeform.com/to/BXFQPVud,publicwww_form_test1.csvsnippets
boilerjuice.com,329409,https://form.typeform.com/to/kH8vA9FE,publicwww_form_test1.csvsnippets
bonmetruck.com,485792,https://bonme.typeform.com/to/sPrbwT,publicwww_form_test1.csvsnippets
boxesandarrows.com,253580,https://www.typeform.com/,publicwww_typeform_indexed_urls_broad2.csvsnippets
brandbythink.com,618650,https://form.typeform.com/to/pu1mA7,publicwww_form_test1.csvsnippets
brandbythink.com,618650,https://form.typeform.com/to/pu1mA7--,publicwww_form_test1.csvsnippets
brandbythink.com,618650,https://thinkpresale.typeform.com/to/pu1mA7,publicwww_form_test1.csvsnippets
bridallive.com,295409,https://upperquadrant.typeform.com/to/RjQK0Sa6,publicwww_form_test1.csvsnippets
bridge.edu,623093,https://form.typeform.com/to/llZkpalf,publicwww_form_test1.csvsnippets
brightknowledge.org,323385,https://embed.typeform.com/,publicwww_typeform_indexed_urls_broad2.csvsnippets
brobible.com,12731,https://getadmiral.typeform.com/to/s8M2nY5H,publicwww_form_test1.csvsnippets
brokenarrowlanes.com,950075,https://andybs.typeform.com/to/vNhOvITU,publicwww_form_test1.csvsnippets
buildily.com,783988,https://form.typeform.com/to/KOdpznfl,publicwww_form_test1.csvsnippets
buydirectlyfromfarmers.tw,551011,https://form.typeform.com/to/M5CQwBUx,publicwww_form_test1.csvsnippets
byrne.com,398254,https://byrneelectrical.typeform.com/to/uoqoJo8H,publicwww_form_test1.csvsnippets
calmclinic.com,31369,https://tweekit.typeform.com/to/hyIzzr7Z,publicwww_form_test1.csvsnippets
calmclinic.com,31369,https://tweekit.typeform.com/to/iIQxRaFZ,publicwww_form_test1.csvsnippets
calrossy.nsw.edu.au,902698,https://marketing744992.typeform.com/to/IpYhqFoN,publicwww_form_test1.csvsnippets
cameradellamoda.it,559678,https://premium-domains.typeform.com/to/pMKHOM,publicwww_form_test1.csvsnippets
campsocial.com,623248,https://p9f9wqlwbjv.typeform.com/to/JnPry3Xk,publicwww_form_test1.csvsnippets
canhme.com,105387,https://unstoppabledomains.typeform.com/,publicwww_typeform_indexed_urls_broad2.csvsnippets
cardumencapital.com,575285,https://uxcv6rxezih.typeform.com/to/oZnANz0I,publicwww_form_test1.csvsnippets
cartejeunes.fr,559787,https://hello-charly.typeform.com/to/kW4PZLGD,publicwww_form_test1.csvsnippets
casar.com,232228,https://casarcom.typeform.com/,publicwww_typeform_indexed_urls_broad2.csvsnippets
catscanterbury.com,337397,https://catsglobalschools.typeform.com/to/gE7W8lGB,publicwww_form_test1.csvsnippets
cesde.edu.co,507052,https://comfama.typeform.com/to/w1kguc1a,publicwww_form_test1.csvsnippets
cestarcollege.com,147749,https://ug7ov3hlhyf.typeform.com/to/I8DCH6rO,publicwww_form_test1.csvsnippets
charlottedewittemusic.com,693739,https://exit-festival.typeform.com/to/UtXKrByU,publicwww_form_test1.csvsnippets
chartcourse.com,831244,https://vitallearning.typeform.com/to/c2TI4x,publicwww_form_test1.csvsnippets
cherrydeck.com,645425,https://cherrydeck.typeform.com/to/nC7U3hoC,publicwww_form_test1.csvsnippets
childhelp.org,193593,https://g7ntxlk83vr.typeform.com/to/kxwYKfeK,publicwww_form_test1.csvsnippets
childhelp.org,193593,https://g7ntxlk83vr.typeform.com/to/t70GabQB,publicwww_form_test1.csvsnippets
christophjanz.blogspot.com,299758,http://www.typeform.com/,publicwww_typeform_indexed_urls_broad2.csvsnippets
christophjanz.blogspot.com,299758,https://embed.typeform.com/,publicwww_typeform_indexed_urls_broad2.csvsnippets
christophjanz.blogspot.com,299758,https://pointninecap.typeform.com/to/NvAdFu,publicwww_form_test1.csvsnippets
christophjanz.blogspot.com,299758,https://pointninecap.typeform.com/to/RgRN1R,publicwww_form_test1.csvsnippets
christophjanz.blogspot.com,299758,https://pointninecap.typeform.com/to/gZKJUl,publicwww_form_test1.csvsnippets
christophjanz.blogspot.com,299758,https://pointninecap.typeform.com/to/lQTISn,publicwww_form_test1.csvsnippets
christophjanz.blogspot.com,299758,https://pointninecap.typeform.com/to/lxG7os,publicwww_form_test1.csvsnippets
christophjanz.blogspot.com,299758,https://www.typeform.com/,publicwww_typeform_indexed_urls_broad2.csvsnippets
christophjanz.blogspot.com,299758,https://xxx.typeform.com/,publicwww_typeform_indexed_urls_broad2.csvsnippets
click-licht.de,286311,https://form.typeform.com/to/CKDg92h7,publicwww_form_test1.csvsnippets
clusit.it,304526,https://ojsn03a6n6h.typeform.com/,publicwww_typeform_indexed_urls_broad2.csvsnippets
cmp.jobs,133087,https://embed.typeform.com/,publicwww_typeform_indexed_urls_broad2.csvsnippets
cmp.jobs,133087,https://form.typeform.com/to/zAebSW63,publicwww_form_test1.csvsnippets
coachy.net,298680,https://form.typeform.com/to/HIAoeJw3,publicwww_form_test1.csvsnippets
coastercms.org,489363,https://coaster.typeform.com/to/V9VMQa,publicwww_form_test1.csvsnippets
codeworks.me,623666,https://codeworks.typeform.com/to/WXxaWK,publicwww_form_test1.csvsnippets
coinswitch.co,148547,https://form.typeform.com/to/zgAAex8w,publicwww_form_test1.csvsnippets
comfama.com,180345,https://www.typeform.com/,publicwww_typeform_indexed_urls_broad2.csvsnippets
comingsoon-tech.com,245617,https://agency20.typeform.com/to/xRbUJN,publicwww_form_test1.csvsnippets
comingsoon-tech.com,245617,https://embed.typeform.com/,publicwww_typeform_indexed_urls_broad2.csvsnippets
cooljugator.com,93161,https://embed.typeform.com/,publicwww_typeform_indexed_urls_broad2.csvsnippets
copyblogger.com,27206,https://kit.typeform.com/,publicwww_typeform_indexed_urls_broad2.csvsnippets
cortinas.es,254275,https://form.typeform.com/to/l7uxIaWf,publicwww_form_test1.csvsnippets
covertsecurity.es,393665,https://covertsecurity.typeform.com/to/ht4czVTe,publicwww_form_test1.csvsnippets
covertsecurity.es,393665,https://form.typeform.com/to/DIpifveH,publicwww_form_test1.csvsnippets
covertsecurity.es,393665,https://form.typeform.com/to/gpsmN0g4,publicwww_form_test1.csvsnippets
createandcode.com,234140,https://simon441.typeform.com/to/B8ukXM,publicwww_form_test1.csvsnippets
crema.co,605232,https://austin188916.typeform.com/to/TKNfWLiS,publicwww_form_test1.csvsnippets
crema.co,605232,https://austin188916.typeform.com/to/x4wwhp60,publicwww_form_test1.csvsnippets
creperoyale.com.br,743672,https://form.typeform.com/to/lJStpfFK,publicwww_form_test1.csvsnippets
crew.co,93686,https://dribbble-feedback.typeform.com/to/CLY0N2ya,publicwww_form_test1.csvsnippets
crew.co,93686,https://dribbble-feedback.typeform.com/to/VnegWcIb,publicwww_form_test1.csvsnippets
crisistextline.org,152985,https://gl7zkfwwo5r.typeform.com/,publicwww_typeform_indexed_urls_broad2.csvsnippets
csswizardry.com,232919,https://www.typeform.com/,publicwww_typeform_indexed_urls_broad2.csvsnippets
ctspr.com,674644,https://ctspr.typeform.com/to/RKYJZ6uD,publicwww_form_test1.csvsnippets
culturainquieta.com,20694,https://jplww93yyhd.typeform.com/to/VZmxe0r7,publicwww_form_test1.csvsnippets
dailyedge.ie,33776,https://admin.typeform.com/to/dwk6gt,publicwww_form_test1.csvsnippets
dailyedge.ie,33776,https://www.typeform.com/,publicwww_typeform_indexed_urls_broad2.csvsnippets
dakika.com.tr,910280,https://523wqwj86g2.typeform.com/to/NqtkD6Bj,publicwww_form_test1.csvsnippets
dakika.com.tr,910280,https://523wqwj86g2.typeform.com/to/mHKTCr9p,publicwww_form_test1.csvsnippets
dallasnews.com,8498,https://qrtprlc30ga.typeform.com/,publicwww_typeform_indexed_urls_broad2.csvsnippets
danreiland.com,421701,https://r7yk3kvcf5j.typeform.com/to/f1amUAzS,publicwww_form_test1.csvsnippets
dashoefer.de,860383,https://admin.typeform.com/to/dwk6gt,publicwww_form_test1.csvsnippets
dataart.com,259301,https://embed.typeform.com/,publicwww_typeform_indexed_urls_broad2.csvsnippets
datacoup.com,953954,https://datacoup.typeform.com/to/E9nev6,publicwww_form_test1.csvsnippets
datacoup.com,953954,https://datacoup.typeform.com/to/yo6XyH,publicwww_form_test1.csvsnippets
datarecrutement.fr,513322,https://data-recrutement.typeform.com/to/D06NYQxN,publicwww_form_test1.csvsnippets
datarecrutement.fr,513322,https://form.typeform.com/to/zgBqOY4X,publicwww_form_test1.csvsnippets
delfontmackintosh.co.uk,248538,https://he2wl35gojy.typeform.com/to/J1E6rK7s,publicwww_form_test1.csvsnippets
delfontmackintosh.co.uk,248538,https://he2wl35gojy.typeform.com/to/dbjqVv88,publicwww_form_test1.csvsnippets
deux.io,287427,https://deuxio.typeform.com/to/MMUCIr,publicwww_form_test1.csvsnippets
dexafit.com,954418,https://dexafit1.typeform.com/to/IpZ2fKx9,publicwww_form_test1.csvsnippets
dexafit.com,954418,https://dexafit1.typeform.com/to/OTohy95M,publicwww_form_test1.csvsnippets
dfina.com,618689,https://dfina.typeform.com/to/BvUfeF,publicwww_form_test1.csvsnippets
dfina.com,618689,https://dfina.typeform.com/to/nHojnV,publicwww_form_test1.csvsnippets
diabettech.com,467759,https://diabettech.typeform.com/to/TwXH4V,publicwww_form_test1.csvsnippets
dietade21dias.com,162097,https://embed.typeform.com/,publicwww_typeform_indexed_urls_broad2.csvsnippets
dietade21dias.com,162097,https://fenomeno.typeform.com/to/HTKahsuh,publicwww_form_test1.csvsnippets
digiforma.com,282472,https://form.typeform.com/to/NwXnxL4p,publicwww_form_test1.csvsnippets
dirse.es,491125,https://form.typeform.com/to/TVknFEph,publicwww_form_test1.csvsnippets
dorcel.com,66668,https://dorcel.typeform.com/to/eTKyyzBl,publicwww_form_test1.csvsnippets
dorcelstore.com,50380,https://form.typeform.com/,publicwww_typeform_indexed_urls_broad2.csvsnippets
e-fellows.net,93685,https://efn.typeform.com/to/Hui42XHZ,publicwww_form_test1.csvsnippets
eastriding.gov.uk,346334,https://eastriding.typeform.com/to/axhlfJs0,publicwww_form_test1.csvsnippets
easyfeel.it,561159,https://danielamroch.typeform.com/to/uY5A7O,publicwww_form_test1.csvsnippets
easyfeel.it,561159,https://easyfeel.typeform.com/to/uY5A7O,publicwww_form_test1.csvsnippets
easyfeel.it,561159,https://easyfeel.typeform.com/to/zq3DhYQh,publicwww_form_test1.csvsnippets
ebm-of-the-year.de,452560,https://form.typeform.com/to/b7nLJivp,publicwww_form_test1.csvsnippets
eclipsesource.com,233806,https://maximiliankgel.typeform.com/,publicwww_typeform_indexed_urls_broad2.csvsnippets
ehungry.com,602642,https://onlineordering.typeform.com/to/LjiSMVxC,publicwww_form_test1.csvsnippets
empatica.com,238563,https://empatica.typeform.com/to/nbKcMhUE,publicwww_form_test1.csvsnippets
engageinteractive.co.uk,295753,https://embed.typeform.com/,publicwww_typeform_indexed_urls_broad2.csvsnippets
engageinteractive.co.uk,295753,https://engageinteractive.typeform.com/to/quJUiZWX,publicwww_form_test1.csvsnippets
engageinteractive.co.uk,295753,https://form.typeform.com/to/kfyoVjhc,publicwww_form_test1.csvsnippets
envoyfinancial.squarespace.com,956102,https://envoyfinancial.typeform.com/to/Ykorcn,publicwww_form_test1.csvsnippets
envoyfinancial.squarespace.com,956102,https://envoyfinancial.typeform.com/to/oF4bB4kA,publicwww_form_test1.csvsnippets
envoyfinancial.squarespace.com,956102,https://envoyfinancial.typeform.com/to/rkaDWk,publicwww_form_test1.csvsnippets
envoyfinancial.squarespace.com,956102,https://form.typeform.com/to/TiBovSo6,publicwww_form_test1.csvsnippets
envoyfinancial.squarespace.com,956102,https://form.typeform.com/to/awF4MFho,publicwww_form_test1.csvsnippets
eoimalaga.com,321659,https://msms58gzatu.typeform.com/to/WgnIyXVj,publicwww_form_test1.csvsnippets
epra.com,404079,https://epra.typeform.com/to/kd5zBt8H,publicwww_form_test1.csvsnippets
eset.com,1863,https://embed.typeform.com/,publicwww_typeform_indexed_urls_broad2.csvsnippets
ethiopianairlines.it,561470,https://premium-domains.typeform.com/to/pMKHOM,publicwww_form_test1.csvsnippets
etsglobal.org,235346,https://s704rjan1nj.typeform.com/,publicwww_typeform_indexed_urls_broad2.csvsnippets
eurohandball.com,101711,https://embed.typeform.com/,publicwww_typeform_indexed_urls_broad2.csvsnippets
eurohandball.com,101711,https://form.typeform.com/,publicwww_typeform_indexed_urls_broad2.csvsnippets
eurohandball.com,101711,https://homeofhandball.typeform.com/to/W03Pw3cr,publicwww_form_test1.csvsnippets
europeanhorizons.org,400106,https://form.typeform.com/to/DvX7hYZg,publicwww_form_test1.csvsnippets
europeanhorizons.org,400106,https://form.typeform.com/to/PcLNPKT6,publicwww_form_test1.csvsnippets
europeanhorizons.org,400106,https://form.typeform.com/to/vy29ijjq,publicwww_form_test1.csvsnippets
eventualmillionaire.com,398137,https://eventualmillionaire.typeform.com/to/E9EBMu,publicwww_form_test1.csvsnippets
eventualmillionaire.com,398137,https://eventualmillionaire.typeform.com/to/aL5K5i,publicwww_form_test1.csvsnippets
fastportpassport.com,273537,https://embed.typeform.com/,publicwww_typeform_indexed_urls_broad2.csvsnippets
fastportpassport.com,273537,https://govworks.typeform.com/to/rXhyuu,publicwww_form_test1.csvsnippets
fcc-fac.ca,389212,https://fcc-fac.typeform.com/to/MRsDgFBn,publicwww_form_test1.csvsnippets
fida.fi,556552,https://kampanjat.typeform.com/to/cbw0i9IZ,publicwww_form_test1.csvsnippets
finanztip.de,18034,https://finanztip.typeform.com/to/Dq4u107j,publicwww_form_test1.csvsnippets
fitnessfirst.net.in,713840,https://curefit.typeform.com/to/tNfgmH,publicwww_form_test1.csvsnippets
flashissue.com,121582,https://alon043493.typeform.com/to/yyXcjsQN,publicwww_form_test1.csvsnippets
folliclethought.com,579112,https://rvt7haqqqy5.typeform.com/to/zcZY4UD6,publicwww_form_test1.csvsnippets
foodweb.it,304640,https://gruppofood.typeform.com/to/t3lIgyMx,publicwww_form_test1.csvsnippets
foorban.com,549383,https://foorban.typeform.com/to/LgrrPTiJ,publicwww_form_test1.csvsnippets
fuap.it,562131,https://premium-domains.typeform.com/to/pMKHOM,publicwww_form_test1.csvsnippets
fullcrossfit.com,812901,https://fullcrossfit.typeform.com/to/XbrU0O,publicwww_form_test1.csvsnippets
gdandtbasics.com,230230,https://gdandtbasics.typeform.com/,publicwww_typeform_indexed_urls_broad2.csvsnippets
gdandtbasics.com,230230,https://gdandtbasics.typeform.com/to/N1rraQ5O,publicwww_form_test1.csvsnippets
geel.be,813102,https://bpart.typeform.com/to/lfDTo00l,publicwww_form_test1.csvsnippets
glockapps.com,266356,https://glockapps.typeform.com/to/KKcSdY3J,publicwww_form_test1.csvsnippets
glockapps.com,266356,https://glockapps.typeform.com/to/MfIpiyBM,publicwww_form_test1.csvsnippets
glossy.co,84690,https://digiday.typeform.com/to/CUeBg2,publicwww_form_test1.csvsnippets
glossy.co,84690,https://digiday.typeform.com/to/OpJqbu,publicwww_form_test1.csvsnippets
glossy.co,84690,https://form.typeform.com/to/Ja7BQ1iL,publicwww_form_test1.csvsnippets
glowing.com,163917,https://font.typeform.com/,publicwww_typeform_indexed_urls_broad2.csvsnippets
go-fit.es,223174,https://form.typeform.com/to/nhtfRx3y,publicwww_form_test1.csvsnippets
goldcoastfc.com.au,531855,https://typeformdeviomedia.typeform.com/to/WVeQaDXe,publicwww_form_test1.csvsnippets
golivehq.co,383774,https://nwgyv8c16zt.typeform.com/to/N0Y574AX,publicwww_form_test1.csvsnippets
gopodengo.com,718518,https://gemma410384.typeform.com/to/RtOgIMos,publicwww_form_test1.csvsnippets
grafik.co.nz,919529,https://grafik.typeform.com/to/x89GbK,publicwww_form_test1.csvsnippets
gregfaxon.com,625350,https://gregfaxon.typeform.com/to/PotqpFEw,publicwww_form_test1.csvsnippets
greylock.com,242048,https://form.typeform.com/to/a9xz4TxD,publicwww_form_test1.csvsnippets
grovesbatteries.co.uk,646103,https://mia388.typeform.com/to/CqG6sY,publicwww_form_test1.csvsnippets
growthhit.com,771307,https://form.typeform.com/to/YQpBA9,publicwww_form_test1.csvsnippets
growthhit.com,771307,https://growthhit441536.typeform.com/to/YQpBA9,publicwww_form_test1.csvsnippets
gynzy.com,123548,https://gynzy.typeform.com/,publicwww_typeform_indexed_urls_broad2.csvsnippets
gynzy.com,123548,https://public-assets.typeform.com/,publicwww_typeform_indexed_urls_broad2.csvsnippets
h2impression.fr,150970,https://car-expresso.typeform.com/,publicwww_typeform_indexed_urls_broad2.csvsnippets
h2impression.fr,150970,https://embed.typeform.com/,publicwww_typeform_indexed_urls_broad2.csvsnippets
h2impression.fr,150970,https://form.typeform.com/,publicwww_typeform_indexed_urls_broad2.csvsnippets
h2impression.fr,150970,https://h2impression.typeform.com/,publicwww_typeform_indexed_urls_broad2.csvsnippets
h2impression.fr,150970,https://public-assets.typeform.com/,publicwww_typeform_indexed_urls_broad2.csvsnippets
hartlandschools.us,440989,https://addorecovery.typeform.com/to/faOk2Vkw,publicwww_form_test1.csvsnippets
hashtaginvesting.com,617933,https://hashtaginvesting.typeform.com/to/rLE7Cy,publicwww_form_test1.csvsnippets
hashtaginvesting.com,617933,https://hashtaginvesting.typeform.com/to/xvaXzv,publicwww_form_test1.csvsnippets
hashtagjeff.com,400865,https://form.typeform.com/to/dm9xfK,publicwww_form_test1.csvsnippets
hashtagjeff.com,400865,https://hashtagjeff.typeform.com/to/TRPN6P,publicwww_form_test1.csvsnippets
hautsdefrance.fr,161879,https://api.typeform.com/,publicwww_typeform_indexed_urls_broad2.csvsnippets
hautsdefrance.fr,161879,https://embed.typeform.com/,publicwww_typeform_indexed_urls_broad2.csvsnippets
hcpc-uk.org,479661,https://form.typeform.com/to/pdehoU9B,publicwww_form_test1.csvsnippets
hmssweblog.wordpress.com,813679,https://form.typeform.com/to/gbqKqpIZ,publicwww_form_test1.csvsnippets
huesped.org.ar,754868,https://fundacionhuesped.typeform.com/to/OKjme68P,publicwww_form_test1.csvsnippets
hyperdocs.co,149643,https://embed.typeform.com/,publicwww_typeform_indexed_urls_broad2.csvsnippets
hyperdocs.co,149643,https://form.typeform.com/to/E4fTOMSp,publicwww_form_test1.csvsnippets
hyperdocs.co,149643,https://images.typeform.com/,publicwww_typeform_indexed_urls_broad2.csvsnippets
icom.museum,224916,https://museodata.typeform.com/,publicwww_typeform_indexed_urls_broad2.csvsnippets
iconshow.me,227389,https://icons-8.typeform.com/,publicwww_typeform_indexed_urls_broad2.csvsnippets
iicrc.org,194913,https://iicrcmarketing.typeform.com/to/GAJkVEtv,publicwww_form_test1.csvsnippets
iicrc.org,194913,https://iicrcmarketing.typeform.com/to/pWNmFZSO,publicwww_form_test1.csvsnippets
illo.tv,340600,https://illotv.typeform.com/to/CQOho4,publicwww_form_test1.csvsnippets
ilovecreatives.com,303014,https://form.typeform.com/to/O48ioLlk,publicwww_form_test1.csvsnippets
immo2.pro,889471,https://immo2.typeform.com/to/wJxsq1,publicwww_form_test1.csvsnippets
immobiliaire.it,437841,https://premium-domains.typeform.com/to/pMKHOM,publicwww_form_test1.csvsnippets
immobiliar.it,563178,https://premium-domains.typeform.com/to/pMKHOM,publicwww_form_test1.csvsnippets
indiefolio.com,306007,https://indiefolio.typeform.com/,publicwww_typeform_indexed_urls_broad2.csvsnippets
ineaf.es,163076,https://euroinnova.typeform.com/to/qf2fSVNp,publicwww_form_test1.csvsnippets
ingo.me,270494,https://embed.typeform.com/,publicwww_typeform_indexed_urls_broad2.csvsnippets
ingo.me,270494,https://ingome.typeform.com/to/FikzJr,publicwww_form_test1.csvsnippets
instaworld.it,563341,https://form.typeform.com/to/xOnCADdl,publicwww_form_test1.csvsnippets
instaworld.it,563341,https://lucazocchi.typeform.com/to/xOnCADdl,publicwww_form_test1.csvsnippets
intelipost.com.br,149927,https://intelipost.typeform.com/,publicwww_typeform_indexed_urls_broad2.csvsnippets
investplus.cz,228465,https://etoro.typeform.com/to/KJJodRxv,publicwww_form_test1.csvsnippets
iottechexpo.com,381514,https://techforge.typeform.com/to/iHSRs7lt,publicwww_form_test1.csvsnippets
irwin.com.br,658797,https://form.typeform.com/to/n2DbfKOr,publicwww_form_test1.csvsnippets
itassetmanagement.net,313839,https://form.typeform.com/to/tv7LAhdW,publicwww_form_test1.csvsnippets
j4l.com,84584,https://aso7gdr1ta2.typeform.com/,publicwww_typeform_indexed_urls_broad2.csvsnippets
janegoodall.org,578210,https://form.typeform.com/to/yaTY75kU,publicwww_form_test1.csvsnippets
japan-experience.com,285138,https://embed.typeform.com/,publicwww_typeform_indexed_urls_broad2.csvsnippets
jasoseol.com,73193,https://form.typeform.com/,publicwww_typeform_indexed_urls_broad2.csvsnippets
jekyllrb.com,62489,https://www.typeform.com/,publicwww_typeform_indexed_urls_broad2.csvsnippets
joinpalm.com,842704,https://joinpalm.typeform.com/to/ecA1XRJm,publicwww_form_test1.csvsnippets
jointravisallen.com,589833,https://form.typeform.com/to/GZioPA3T,publicwww_form_test1.csvsnippets
joydeed.com,437960,https://ricerca.typeform.com/to/FHjHSi,publicwww_form_test1.csvsnippets
jrny.church,842771,https://form.typeform.com/to/tzFbJGHm,publicwww_form_test1.csvsnippets
jvzoo.com,7462,https://yoursuccess.typeform.com/to/UOVV2lnt,publicwww_form_test1.csvsnippets
katanga.fr,407719,https://atelierkatanga.typeform.com/to/PYbKLloj,publicwww_form_test1.csvsnippets
kazdata.kz,422442,https://kazdata.typeform.com/to/bjH182,publicwww_form_test1.csvsnippets
kennywerner.com,921789,https://form.typeform.com/to/Z7eSflKF,publicwww_form_test1.csvsnippets
keynest.com,214686,https://keynest.typeform.com/to/q2xMkQ,publicwww_form_test1.csvsnippets
kickresume.com,76088,https://form.typeform.com/to/lr6p9OUR,publicwww_form_test1.csvsnippets
kikoloureiro.com,493177,https://form.typeform.com/to/pDdTry,publicwww_form_test1.csvsnippets
kikoloureiro.com,493177,https://kikoloureiro.typeform.com/to/pDdTry,publicwww_form_test1.csvsnippets
kompas.si,357962,https://form.typeform.com/to/PEAfgNEK,publicwww_form_test1.csvsnippets
kompas.si,357962,https://kompasdigital.typeform.com/to/G1qFCn,publicwww_form_test1.csvsnippets
korres.it,563832,https://premium-domains.typeform.com/to/pMKHOM,publicwww_form_test1.csvsnippets
krautreporter.de,331140,https://krautreporter-magazin.typeform.com/to/CnHcKPRw,publicwww_form_test1.csvsnippets
krautreporter.de,331140,https://krautreporter-magazin.typeform.com/to/r3XWm2,publicwww_form_test1.csvsnippets
kualo.co.uk,922025,https://form.typeform.com/to/mBRZ61mG,publicwww_form_test1.csvsnippets
kualo.com,295983,https://embed.typeform.com/,publicwww_typeform_indexed_urls_broad2.csvsnippets
lalatai.com,358208,https://porticomedia.typeform.com/to/aYWbdAyY,publicwww_form_test1.csvsnippets
lamaisonduzerodechet.org,314719,https://maisonduzerodechet.typeform.com/to/vnEXQbcs,publicwww_form_test1.csvsnippets
launchgood.com,280361,https://launch-good.typeform.com/to/HbNjbE4L,publicwww_form_test1.csvsnippets
le-tshirt-propre.fr,516493,https://letshirtpropre.typeform.com/to/ylLpIcD7,publicwww_form_test1.csvsnippets
lepermislibre.fr,407902,https://lepermislibre671031.typeform.com/to/kEbugC,publicwww_form_test1.csvsnippets
lett.at,405673,https://sonyamann.typeform.com/to/jie65H,publicwww_form_test1.csvsnippets
libertylondon.com,123690,https://embed.typeform.com/,publicwww_typeform_indexed_urls_broad2.csvsnippets
linphone.org,677379,https://linphone.typeform.com/to/uCrD77BP,publicwww_form_test1.csvsnippets
livestrong.org,232316,https://wearehere.typeform.com/to/QBBN5tLK,publicwww_form_test1.csvsnippets
liveyourdream.org,699345,https://live-your-dream.typeform.com/to/eUCtLB,publicwww_form_test1.csvsnippets
logrog.net,347937,https://dlsfublpikz.typeform.com/to/eUq9RZ60,publicwww_form_test1.csvsnippets
lomography.es,496940,https://form.typeform.com/to/rgkqTp1B,publicwww_form_test1.csvsnippets
lomography.fr,480237,https://form.typeform.com/to/rgkqTp1B,publicwww_form_test1.csvsnippets
longislandpress.com,214417,https://schnepsmedia.typeform.com/to/aM0Y6E7y,publicwww_form_test1.csvsnippets
longislandpress.com,214417,https://schnepsmedia.typeform.com/to/dCHA85Bw,publicwww_form_test1.csvsnippets
longislandpress.com,214417,https://schnepsmedia.typeform.com/to/nrG1SY,publicwww_form_test1.csvsnippets
longislandpress.com,214417,https://schnepsmedia.typeform.com/to/nvZQ6KGu,publicwww_form_test1.csvsnippets
longislandpress.com,214417,https://schnepsmedia.typeform.com/to/qmhz4g8o,publicwww_form_test1.csvsnippets
longislandpress.com,214417,https://schnepsmedia.typeform.com/to/rwZOHoPo,publicwww_form_test1.csvsnippets
longislandpress.com,214417,https://schnepsmedia.typeform.com/to/tb5jfh,publicwww_form_test1.csvsnippets
lovenature.com,473820,https://cottagelife.typeform.com/to/bnG0Iy,publicwww_form_test1.csvsnippets
luxurychicagoapartments.com,815521,https://dqixvf8r0og.typeform.com/to/hmVRKsIz,publicwww_form_test1.csvsnippets
luxurychicagoapartments.com,815521,https://form.typeform.com/to/oSQjrsUu,publicwww_form_test1.csvsnippets
lyonresto.com,287586,https://lyonresto.typeform.com/to/CbrYdE,publicwww_form_test1.csvsnippets
madlibs.com,277506,https://embed.typeform.com/,publicwww_typeform_indexed_urls_broad2.csvsnippets
maformation.fr,194194,https://embed.typeform.com/,publicwww_typeform_indexed_urls_broad2.csvsnippets
marcopolo.me,626798,https://joya-communications.typeform.com/to/N99UVVuL,publicwww_form_test1.csvsnippets
marcopolo.me,626798,https://joya-communications.typeform.com/to/P3ikutcY,publicwww_form_test1.csvsnippets
marcopolo.me,626798,https://joya-communications.typeform.com/to/zZ7luqOy,publicwww_form_test1.csvsnippets
mariadb.org,48287,https://mariadb.typeform.com/,publicwww_typeform_indexed_urls_broad2.csvsnippets
markdonovan.co.nz,741318,https://onlineservices.typeform.com/to/t2ap9O,publicwww_form_test1.csvsnippets
marketone.com,737251,https://marketonedigital.typeform.com/to/VVIDh95V,publicwww_form_test1.csvsnippets
marriagehelper.com,382520,https://form.typeform.com/to/pbqtBcwl,publicwww_form_test1.csvsnippets
mediately.co,68536,https://form.typeform.com/to/SLzrmXVd,publicwww_form_test1.csvsnippets
mediately.co,68536,https://mediately1.typeform.com/to/D0Rq9wVY,publicwww_form_test1.csvsnippets
mediately.co,68536,https://mediately1.typeform.com/to/SK47IsgK,publicwww_form_test1.csvsnippets
mediately.co,68536,https://mediately1.typeform.com/to/VIkTft9o,publicwww_form_test1.csvsnippets
mediately.co,68536,https://mediately1.typeform.com/to/ZfWBc0kR,publicwww_form_test1.csvsnippets
mekshq.com,139121,https://meks.typeform.com/to/EwHAtU,publicwww_form_test1.csvsnippets
mentedcosmetics.com,633345,https://form.typeform.com/to/kkiuk9uW,publicwww_form_test1.csvsnippets
mercadodemotores.es,526852,https://form.typeform.com/to/c9Zncs,publicwww_form_test1.csvsnippets
mercadodemotores.es,526852,https://form.typeform.com/to/m5QM5y,publicwww_form_test1.csvsnippets
mercadodemotores.es,526852,https://form.typeform.com/to/rLapSq,publicwww_form_test1.csvsnippets
mercedesamgf1.com,151789,https://api.typeform.com/,publicwww_typeform_indexed_urls_broad2.csvsnippets
mercedesamgf1.com,151789,https://embed.typeform.com/,publicwww_typeform_indexed_urls_broad2.csvsnippets
mercedesamgf1.com,151789,https://form.typeform.com/,publicwww_typeform_indexed_urls_broad2.csvsnippets
mijndomein.nl,101780,https://marketing179.typeform.com/,publicwww_typeform_indexed_urls_broad2.csvsnippets
mijndomein.nl,101780,https://marketing179.typeform.com/to/zn2lZLvM,publicwww_form_test1.csvsnippets
mindbodyspirit.co.uk,923671,https://mbsfestival.typeform.com/to/MEdXOpro,publicwww_form_test1.csvsnippets
minibarproducts.com,646713,https://zwegqjokao2.typeform.com/to/sgWPVY5a,publicwww_form_test1.csvsnippets
minifiglabs.com,737440,https://fishntoast.typeform.com/to/NIPrvGbJ,publicwww_form_test1.csvsnippets
miptstream.ru,584633,https://form.typeform.com/to/ZaGc46D0,publicwww_form_test1.csvsnippets
missuniverse.com,854736,https://form.typeform.com/to/S7ORg0Uq,publicwww_form_test1.csvsnippets
mohamedelgendy.com,142876,https://elgendimohamed.typeform.com/to/WN1Wcp,publicwww_form_test1.csvsnippets
montepio.org,209346,https://form.typeform.com/to/A32CJsHH,publicwww_form_test1.csvsnippets
moxonenglish.com,565065,https://form.typeform.com/to/HxpLrI,publicwww_form_test1.csvsnippets
mpharma.com,845173,https://danshoukimas.typeform.com/to/ZAkaha,publicwww_form_test1.csvsnippets
mr-online-marketing.de,473376,https://form.typeform.com/to/I0cyOE,publicwww_form_test1.csvsnippets
mr-online-marketing.de,473376,https://mawarth.typeform.com/to/I0cyOE,publicwww_form_test1.csvsnippets
msmary.edu,300833,https://electrickite.typeform.com/to/iMBhkfBg,publicwww_form_test1.csvsnippets
myalbum.com,205697,https://myalbum.typeform.com/to/BfhNbH,publicwww_form_test1.csvsnippets
myalbum.com,205697,https://myalbum.typeform.com/to/JLJPe5,publicwww_form_test1.csvsnippets
myalbum.com,205697,https://myalbum.typeform.com/to/RBrtja,publicwww_form_test1.csvsnippets
myalbum.com,205697,https://myalbum.typeform.com/to/W0pqzv,publicwww_form_test1.csvsnippets
myalbum.com,205697,https://myalbum.typeform.com/to/bwCdkP,publicwww_form_test1.csvsnippets
myalbum.com,205697,https://myalbum.typeform.com/to/wL5jE2,publicwww_form_test1.csvsnippets
mydeposits.co.uk,308619,https://form.typeform.com/to/axGSAdou,publicwww_form_test1.csvsnippets
nappynko.com,518134,https://nappynkostarterkit.typeform.com/to/vgHURn,publicwww_form_test1.csvsnippets
naturalforce.com,627420,https://naturalforce.typeform.com/to/NCuFX3,publicwww_form_test1.csvsnippets
ncs.io,56319,https://nocopyrightsounds.typeform.com/to/bQUpwhB4,publicwww_form_test1.csvsnippets
niice.co,186532,https://niice.typeform.com/to/kBKj4f90,publicwww_form_test1.csvsnippets
nitrc.org,207383,https://form.typeform.com/to/tqXNpg,publicwww_form_test1.csvsnippets
nouvellevie.com,345353,https://mdiasnv.typeform.com/to/NHMHaMUx,publicwww_form_test1.csvsnippets
nouvellevie.com,345353,https://mdiasnv.typeform.com/to/gegts9lg,publicwww_form_test1.csvsnippets
nouvellevie.com,345353,https://mdiasnv.typeform.com/to/oUWKhFHq,publicwww_form_test1.csvsnippets
nuits-sonores.com,135296,https://arty-farty.typeform.com/to/aH15fUoB,publicwww_form_test1.csvsnippets
nuzzel.com,51681,https://www.typeform.com/,publicwww_typeform_indexed_urls_broad2.csvsnippets
nyonyacooking.com,584170,https://nyonya.typeform.com/to/l5cQ1M,publicwww_form_test1.csvsnippets
octopus.energy,232985,https://octopus.typeform.com/,publicwww_typeform_indexed_urls_broad2.csvsnippets
okonfit.com,697152,https://okonfitness.typeform.com/to/SKBeS1,publicwww_form_test1.csvsnippets
okpal.com,188611,https://admin.typeform.com/to/dwk6gt,publicwww_form_test1.csvsnippets
oldwildwest.it,269090,https://cigierre.typeform.com/to/UIJgmmZr,publicwww_form_test1.csvsnippets
oliviaburton.com,226640,https://embed.typeform.com/,publicwww_typeform_indexed_urls_broad2.csvsnippets
olympiahall.com,784537,https://relation-delight.typeform.com/to/I6KE36TB,publicwww_form_test1.csvsnippets
onilo.de,317777,https://kfhlxb2fg3f.typeform.com/to/q9v6hdRo,publicwww_form_test1.csvsnippets
onlinesellingexperiment.com,314335,https://ryan500157.typeform.com/to/K7Ql5tEA,publicwww_form_test1.csvsnippets
onlybio.it,351308,https://premium-domains.typeform.com/to/pMKHOM,publicwww_form_test1.csvsnippets
oomco.com,661380,https://oomco.typeform.com/to/X8zc16,publicwww_form_test1.csvsnippets
oomco.com,661380,https://oomco.typeform.com/to/lNmpElpf,publicwww_form_test1.csvsnippets
oomco.com,661380,https://oomco.typeform.com/to/lRDRl6bg,publicwww_form_test1.csvsnippets
oomco.com,661380,https://oomco.typeform.com/to/lzUXgS,publicwww_form_test1.csvsnippets
opstart.it,565628,https://form.typeform.com/to/LD6sgx7y,publicwww_form_test1.csvsnippets
opstart.it,565628,https://form.typeform.com/to/e023O5Ln,publicwww_form_test1.csvsnippets
oroscopoastra.com,385715,https://mvtec0svg3z.typeform.com/to/qdTx8iYu,publicwww_form_test1.csvsnippets
otsimo.com,821565,https://otsimo.typeform.com/to/SKaRzkGx,publicwww_form_test1.csvsnippets
ouhsc.edu,42528,http://form.typeform.com/,publicwww_typeform_indexed_urls_broad2.csvsnippets
ouhsc.edu,42528,https://api.typeform.com/,publicwww_typeform_indexed_urls_broad2.csvsnippets
ouhsc.edu,42528,https://embed.typeform.com/,publicwww_typeform_indexed_urls_broad2.csvsnippets
outsideclinic.co.uk,925325,https://theoutsideclinic.typeform.com/to/xuggJk35,publicwww_form_test1.csvsnippets
padlet.it,565752,https://premium-domains.typeform.com/to/pMKHOM,publicwww_form_test1.csvsnippets
palmaactiva.com,343706,https://palmaactiva.typeform.com/to/gV022G,publicwww_form_test1.csvsnippets
passit.ca,194019,https://passit.typeform.com/to/kq3UXw,publicwww_form_test1.csvsnippets
patentlyo.com,201578,https://patentlyo.typeform.com/to/p7IGmA,publicwww_form_test1.csvsnippets
peopleofprint.com,502624,https://people-of-print.typeform.com/to/ZlJLXQwK,publicwww_form_test1.csvsnippets
perspective-daily.de,235758,https://admin.typeform.com/to/dwk6gt,publicwww_form_test1.csvsnippets
petite-entreprise.net,56481,https://rivalis.typeform.com/to/qGgiCiz2,publicwww_form_test1.csvsnippets
petite-entreprise.net,56481,https://rivalis.typeform.com/to/xRGHO7,publicwww_form_test1.csvsnippets
petpoisonhelpline.com,351612,https://pawlicy.typeform.com/to/uHSHyeFk,publicwww_form_test1.csvsnippets
pharmashopi.com,127749,https://form.typeform.com/,publicwww_typeform_indexed_urls_broad2.csvsnippets
phideltatheta.org,231610,https://phidelt.typeform.com/to/oaJLpNVo,publicwww_form_test1.csvsnippets
physiqonomics.com,266324,https://physiqonomics.typeform.com/to/VSJjT2fH,publicwww_form_test1.csvsnippets
pikeandrose.com,774944,https://userresearch1.typeform.com/to/LKpC7lQP,publicwww_form_test1.csvsnippets
pitchy.fr,236326,https://form.typeform.com/to/J0lnBvlQ,publicwww_form_test1.csvsnippets
precedent.com,264299,https://form.typeform.com/to/CwiClqnC,publicwww_form_test1.csvsnippets
prensalink.com,527003,https://gzzjnjrlpfh.typeform.com/to/JscLIOCJ,publicwww_form_test1.csvsnippets
privateemail.com,26429,https://embed.typeform.com/,publicwww_typeform_indexed_urls_broad2.csvsnippets
produzionidalbasso.com,157221,https://form.typeform.com/to/bTOLpP7j,publicwww_form_test1.csvsnippets
promoshin.com,413117,https://promoshin.typeform.com/to/mi2t8F9K,publicwww_form_test1.csvsnippets
protopie.io,123253,https://form.typeform.com/to/NFaLAjgs,publicwww_form_test1.csvsnippets
publiambiente.it,221661,https://premium-domains.typeform.com/to/pMKHOM,publicwww_form_test1.csvsnippets
pulsarplatform.com,326877,https://embed.typeform.com/,publicwww_typeform_indexed_urls_broad2.csvsnippets
pursuit-of-happiness.org,199150,https://z3alarxte1b.typeform.com/to/mZONz89b,publicwww_form_test1.csvsnippets
pwinsider.com,40270,https://getadmiral.typeform.com/to/s8M2nY5H,publicwww_form_test1.csvsnippets
qmsu.org,697970,https://queenmarysu.typeform.com/to/NbU7dIpc,publicwww_form_test1.csvsnippets
qns.com,129345,https://schnepsmedia.typeform.com/to/BYn03iAI,publicwww_form_test1.csvsnippets
qns.com,129345,https://schnepsmedia.typeform.com/to/aM0Y6E7y,publicwww_form_test1.csvsnippets
qns.com,129345,https://schnepsmedia.typeform.com/to/nvZQ6KGu,publicwww_form_test1.csvsnippets
qns.com,129345,https://schnepsmedia.typeform.com/to/rwZOHoPo,publicwww_form_test1.csvsnippets
qns.com,129345,https://schnepsmedia.typeform.com/to/tb5jfh,publicwww_form_test1.csvsnippets
qns.com,129345,https://schnepsmedia.typeform.com/to/ukjQx7pc,publicwww_form_test1.csvsnippets
qns.com,129345,https://schnepsmedia.typeform.com/to/yVB9Ue,publicwww_form_test1.csvsnippets
qpac.com.au,273123,https://qpac.typeform.com/to/OigJeuPg,publicwww_form_test1.csvsnippets
rachaelattard.com,335713,https://form.typeform.com/to/gFpjG9d5,publicwww_form_test1.csvsnippets
radioimagina.cl,657388,https://prisa.typeform.com/to/NY282Z1s,publicwww_form_test1.csvsnippets
radiotopia.fm,238812,https://form.typeform.com/to/sdox3sQs,publicwww_form_test1.csvsnippets
ralch.com,832081,https://form.typeform.com/to/oWEAxMWB,publicwww_form_test1.csvsnippets
randomhousebooks.com,282097,https://embed.typeform.com/,publicwww_typeform_indexed_urls_broad2.csvsnippets
rapidapi.com,187114,https://rapidapi.typeform.com/to/TY9REB,publicwww_form_test1.csvsnippets
reachpersonaltraining.com,904660,https://form.typeform.com/to/olH4z6yE,publicwww_form_test1.csvsnippets
realestatestagingassociation.com,441573,https://resahq.typeform.com/to/nCT6gEeC,publicwww_form_test1.csvsnippets
recoilweb.com,79356,https://cariboumedia.typeform.com/to/dD7vOG,publicwww_form_test1.csvsnippets
redcactusevents.co.uk,926847,https://i1mhby07usy.typeform.com/to/YeGBlKnY,publicwww_form_test1.csvsnippets
reddotforum.com,652834,https://leicastoremiami.typeform.com/to/Vg4M6z20,publicwww_form_test1.csvsnippets
reddotforum.com,652834,https://leicastoremiami.typeform.com/to/Vg4M6z20The,publicwww_form_test1.csvsnippets
redlights.es,254255,https://shopredlights.typeform.com/to/Uvr8RF,publicwww_form_test1.csvsnippets
relate.org.uk,250095,https://relateforms.eu.typeform.com/,publicwww_typeform_indexed_urls_broad2.csvsnippets
revcloud.com,672536,https://form.typeform.com/to/Hn5ngByL,publicwww_form_test1.csvsnippets
revcloud.com,672536,https://form.typeform.com/to/tphLgqqP,publicwww_form_test1.csvsnippets
revenuejump.com,818347,https://form.typeform.com/to/g6NaRV5o,publicwww_form_test1.csvsnippets
rntc.com,457050,https://form.typeform.com/to/lshn0rOr,publicwww_form_test1.csvsnippets
roberts.edu,252555,https://embed.typeform.com/,publicwww_typeform_indexed_urls_broad2.csvsnippets
rocketr.net,105046,https://rocketr.typeform.com/to/No4tInmd,publicwww_form_test1.csvsnippets
rockstart.com,482770,https://rockstart1.typeform.com/to/qoieotFj,publicwww_form_test1.csvsnippets
roi-nj.com,738729,https://survey.typeform.com/to/OYn34JB4,publicwww_form_test1.csvsnippets
rolcc.net,327905,https://rolcc.typeform.com/to/ACLrJKEY,publicwww_form_test1.csvsnippets
rolcc.net,327905,https://rolcc.typeform.com/to/GXhYXTOY,publicwww_form_test1.csvsnippets
rolcc.net,327905,https://rolcc.typeform.com/to/uYELI5iA,publicwww_form_test1.csvsnippets
romualdfons.com,54229,https://bigseomarketing.typeform.com/to/M3D8gj0q,publicwww_form_test1.csvsnippets
romualdfons.com,54229,https://form.typeform.com/to/M3D8gj0q,publicwww_form_test1.csvsnippets
romualdfons.com,54229,https://form.typeform.com/to/f0UT2Hjd,publicwww_form_test1.csvsnippets
romualdfons.com,54229,https://form.typeform.com/to/z23HCju6,publicwww_form_test1.csvsnippets
royalinstitutephilosophy.org,647256,https://w17rika13aa.typeform.com/to/MilTWCBH,publicwww_form_test1.csvsnippets
royalinstitutephilosophy.org,647256,https://w17rika13aa.typeform.com/to/wxuDGJ4Q,publicwww_form_test1.csvsnippets
sagliksifa.com,535265,https://foundersforumlive.typeform.com/to/G0ACh0r3,publicwww_form_test1.csvsnippets
saleshandy.com,205559,https://embed.typeform.com/,publicwww_typeform_indexed_urls_broad2.csvsnippets
sands.community,489141,https://form.typeform.com/to/IACMKlhb,publicwww_form_test1.csvsnippets
scene75.com,848838,https://0b3furox2w3.typeform.com/to/jYV2wyW2,publicwww_form_test1.csvsnippets
sealy.com.tw,710379,https://sealysupport.typeform.com/to/m07SUVYn,publicwww_form_test1.csvsnippets
seedcamp.com,239462,https://seedcamp.typeform.com/to/pMlqt8,publicwww_form_test1.csvsnippets
selectra.pt,393701,https://selectra.typeform.com/to/Dsevc4uo,publicwww_form_test1.csvsnippets
selectra.pt,393701,https://selectra.typeform.com/to/pYtSyg58,publicwww_form_test1.csvsnippets
seniorlifestyle.com,776025,https://form.typeform.com/to/URkK5Vaq,publicwww_form_test1.csvsnippets
seotesteronline.com,68405,https://seotesteronline.typeform.com/to/F1R9Vz68,publicwww_form_test1.csvsnippets
seotesteronline.com,68405,https://seotesteronline.typeform.com/to/PU9OHpGg,publicwww_form_test1.csvsnippets
seotesteronline.com,68405,https://seotesteronline.typeform.com/to/uANeH21m,publicwww_form_test1.csvsnippets
servicedesigntools.org,303642,https://form.typeform.com/to/Iu543Fdr,publicwww_form_test1.csvsnippets
servicedesigntools.org,303642,https://oblo.typeform.com/to/zO9uLj,publicwww_form_test1.csvsnippets
setmore.com,28456,https://embed.typeform.com/,publicwww_typeform_indexed_urls_broad2.csvsnippets
sevendaystickets.com,629029,https://dacapoinc.typeform.com/to/q9wYN0sf,publicwww_form_test1.csvsnippets
shadygrovefertility.com,380033,https://form.typeform.com/to/hk9lFN,publicwww_form_test1.csvsnippets
shedbarber.com,776107,https://shedbarber.typeform.com/to/rmGy0BpO,publicwww_form_test1.csvsnippets
shine.fr,254622,https://form.typeform.com/,publicwww_typeform_indexed_urls_broad2.csvsnippets
shine.fr,254622,https://shinetools.typeform.com/,publicwww_typeform_indexed_urls_broad2.csvsnippets
shinez.io,637143,https://shinez.typeform.com/to/sijFsj,publicwww_form_test1.csvsnippets
silviafoz.com,641039,https://silviafoz.typeform.com/to/Tbd856pq,publicwww_form_test1.csvsnippets
simpsons247.com,928164,https://simpsons247.typeform.com/to/c3kh7k,publicwww_form_test1.csvsnippets
sincrolab.es,819119,https://form.typeform.com/to/Hen8I3Wo,publicwww_form_test1.csvsnippets
sincrolab.es,819119,https://form.typeform.com/to/M7Aw2rGh,publicwww_form_test1.csvsnippets
sincrolab.es,819119,https://form.typeform.com/to/gXRKz1uO,publicwww_form_test1.csvsnippets
sincrolab.es,819119,https://form.typeform.com/to/hkiZJn3Y,publicwww_form_test1.csvsnippets
sjcc.edu,311710,https://sjcitycollege.typeform.com/to/iSUBlLKY,publicwww_form_test1.csvsnippets
slaafws.org,522984,https://form.typeform.com/to/Noq0En9I,publicwww_form_test1.csvsnippets
slamdot.com,520280,https://slamdot.typeform.com/to/FtNXcQlV,publicwww_form_test1.csvsnippets
sleepingorganic.com,544613,https://sleepingorganic1.typeform.com/to/GkNSqj,publicwww_form_test1.csvsnippets
smarthint.co,220453,https://form.typeform.com/to/kDoF2g10,publicwww_form_test1.csvsnippets
socialdrive.es,819237,https://form.typeform.com/to/kxB1BOeC,publicwww_form_test1.csvsnippets
socialter.fr,287763,https://socialter.typeform.com/,publicwww_typeform_indexed_urls_broad2.csvsnippets
softwareleadweekly.com,389321,https://orenellenbogen754556.typeform.com/to/fQdvsx,publicwww_form_test1.csvsnippets
solidatech.fr,286573,https://6mu9y4q3kd6.typeform.com/to/f6HuMR6g,publicwww_form_test1.csvsnippets
soroptimist.org,387108,https://admin.typeform.com/to/dwk6gt,publicwww_form_test1.csvsnippets
soundboks.com,198529,https://soundboks.typeform.com/,publicwww_typeform_indexed_urls_broad2.csvsnippets
sparkmailapp.com,189230,https://www.typeform.com/,publicwww_typeform_indexed_urls_broad2.csvsnippets
sphericaldefence.com,721336,https://sphericaldefence.typeform.com/to/nKgG2p,publicwww_form_test1.csvsnippets
spid.center,308922,https://embed.typeform.com/,publicwww_typeform_indexed_urls_broad2.csvsnippets
sportscraft.com.au,280725,https://form.typeform.com/,publicwww_typeform_indexed_urls_broad2.csvsnippets
springeropen.com,21410,https://biomedcentral.typeform.com/to/VLXboo,publicwww_form_test1.csvsnippets
standardjs.com,73124,https://www.typeform.com/,publicwww_typeform_indexed_urls_broad2.csvsnippets
startplatz.de,257106,https://startplatz.typeform.com/to/r3HkB6TI,publicwww_form_test1.csvsnippets
startupxplore.com,211158,https://form.typeform.com/to/oMPTrv,publicwww_form_test1.csvsnippets
stealjobs.com,193137,https://admin.typeform.com/,publicwww_typeform_indexed_urls_broad2.csvsnippets
stealjobs.com,193137,https://embed.typeform.com/,publicwww_typeform_indexed_urls_broad2.csvsnippets
stealjobs.com,193137,https://stealjobs.typeform.com/to/AVfOxW,publicwww_form_test1.csvsnippets
stealjobs.com,193137,https://stealjobs.typeform.com/to/DwaTPA,publicwww_form_test1.csvsnippets
stealjobs.com,193137,https://stealjobs.typeform.com/to/KXHAqF,publicwww_form_test1.csvsnippets
stressrx.com,780493,https://form.typeform.com/to/Uzxnnvpt,publicwww_form_test1.csvsnippets
studioplace.it,234422,https://form.typeform.com/to/VhHaZyod,publicwww_form_test1.csvsnippets
studioplace.it,234422,https://studioplace.typeform.com/to/VhHaZyod,publicwww_form_test1.csvsnippets
supple.com.au,708853,https://form.typeform.com/to/it8wWdEj,publicwww_form_test1.csvsnippets
talentoteca.es,819645,https://ej8t2kut0xw.typeform.com/to/hj8THnx4,publicwww_form_test1.csvsnippets
tayble.co,830108,https://tayble.typeform.com/to/uVtdB7,publicwww_form_test1.csvsnippets
tech-touch.ru,134338,https://tech-touch.typeform.com/to/ufIwz2,publicwww_form_test1.csvsnippets
theagileadmin.com,294914,https://ttfaww70mcc.typeform.com/to/cVZ10pIk,publicwww_form_test1.csvsnippets
theleague.com,236840,https://2usnum1q3nq.typeform.com/,publicwww_typeform_indexed_urls_broad2.csvsnippets
theotherartfair.com,298948,https://theotherartfair.typeform.com/to/Bj8zsaZ1,publicwww_form_test1.csvsnippets
therapypet.org,432750,https://therapypet.typeform.com/to/SDzFa9nk,publicwww_form_test1.csvsnippets
therealizedman.com,496777,https://form.typeform.com/to/ul0CnuFN,publicwww_form_test1.csvsnippets
theteamcanvas.com,655614,https://epleplepl.typeform.com/to/CZvGVQ,publicwww_form_test1.csvsnippets
thirdshelf.com,851369,https://mxn8s362hnh.typeform.com/to/g7gDoUSy,publicwww_form_test1.csvsnippets
thishosting.rocks,92429,https://thradmin.typeform.com/to/L5vQiq,publicwww_form_test1.csvsnippets
timbertown.com,550889,https://form.typeform.com/to/DlKDDl,publicwww_form_test1.csvsnippets
touchedeclavier.com,335038,https://form.typeform.com/to/CrZvZK0P,publicwww_form_test1.csvsnippets
tradlinx.com,342478,https://365a89xkelk.typeform.com/to/aGpUJMls,publicwww_form_test1.csvsnippets
tradlinx.com,342478,https://365a89xkelk.typeform.com/to/j6M5FfBd,publicwww_form_test1.csvsnippets
tradlinx.com,342478,https://365a89xkelk.typeform.com/to/lMUSimZx,publicwww_form_test1.csvsnippets
tradlinx.com,342478,https://365a89xkelk.typeform.com/to/rAV6ljfj,publicwww_form_test1.csvsnippets
trainning.com.br,493888,https://form.typeform.com/to/xMPp8jwl,publicwww_form_test1.csvsnippets
traumaheilung.net,877207,https://form.typeform.com/to/X0ca7d1u,publicwww_form_test1.csvsnippets
tropicalmba.com,254846,https://14sd8k3d6c1.typeform.com/to/aX9YfmGH,publicwww_form_test1.csvsnippets
tsri.ch,337747,https://tsueri.typeform.com/to/jExhxiVv,publicwww_form_test1.csvsnippets
twinsjazz.com,851929,https://form.typeform.com/to/a8CKraFm,publicwww_form_test1.csvsnippets
uavcoach.com,113854,https://uavcoach.typeform.com/to/FmRlXa6t,publicwww_form_test1.csvsnippets
unbxd.co.uk,931096,https://unbxdstudios.typeform.com/to/KqMmlqJI,publicwww_form_test1.csvsnippets
unbxd.co.uk,931096,https://unbxdstudios.typeform.com/to/RpksZRsI,publicwww_form_test1.csvsnippets
unbxd.co.uk,931096,https://unbxdstudios.typeform.com/to/equQNAlw,publicwww_form_test1.csvsnippets
unbxd.co.uk,931096,https://unbxdstudios.typeform.com/to/l52AqVYs,publicwww_form_test1.csvsnippets
unbxd.co.uk,931096,https://unbxdstudios.typeform.com/to/wmbL38Yp,publicwww_form_test1.csvsnippets
unherd.com,416127,https://form.typeform.com/to/CJRkTuFf,publicwww_form_test1.csvsnippets
upay.co.uk,931165,https://uniwaresystems.typeform.com/to/JpxUVgdG,publicwww_form_test1.csvsnippets
urv.cat,80238,https://form.typeform.com/to/z6IRWM95,publicwww_form_test1.csvsnippets
utmb.edu,37542,https://embed.typeform.com/,publicwww_typeform_indexed_urls_broad2.csvsnippets
uwe.ac.uk,15919,https://api.typeform.com/,publicwww_typeform_indexed_urls_broad2.csvsnippets
uwe.ac.uk,15919,https://embed.typeform.com/,publicwww_typeform_indexed_urls_broad2.csvsnippets
uwe.ac.uk,15919,https://form.typeform.com/,publicwww_typeform_indexed_urls_broad2.csvsnippets
vaccination-info.be,284221,https://embed.typeform.com/,publicwww_typeform_indexed_urls_broad2.csvsnippets
vegan-athletes.com,444956,https://christian-wenzel.typeform.com/to/lKhxc2JD,publicwww_form_test1.csvsnippets
velux.com,228450,https://embed.typeform.com/,publicwww_typeform_indexed_urls_broad2.csvsnippets
velux.com,228450,https://form.typeform.com/,publicwww_typeform_indexed_urls_broad2.csvsnippets
velux.com,228450,https://velux.typeform.com/,publicwww_typeform_indexed_urls_broad2.csvsnippets
velux.com.au,577639,https://velux.typeform.com/to/BZKi7Vlw,publicwww_form_test1.csvsnippets
velux.com.au,577639,https://velux.typeform.com/to/ZgkDb37F,publicwww_form_test1.csvsnippets
velux.fr,307128,https://embed.typeform.com/,publicwww_typeform_indexed_urls_broad2.csvsnippets
velux.fr,307128,https://form.typeform.com/,publicwww_typeform_indexed_urls_broad2.csvsnippets
velux.fr,307128,https://velux.typeform.com/,publicwww_typeform_indexed_urls_broad2.csvsnippets
velux.it,305065,https://embed.typeform.com/,publicwww_typeform_indexed_urls_broad2.csvsnippets
velux.it,305065,https://form.typeform.com/,publicwww_typeform_indexed_urls_broad2.csvsnippets
velux.it,305065,https://velux.typeform.com/,publicwww_typeform_indexed_urls_broad2.csvsnippets
venngage.com,34245,https://venngage.typeform.com/,publicwww_typeform_indexed_urls_broad2.csvsnippets
venvn.nl,507580,https://vvn2.typeform.com/to/FHyfIa9e,publicwww_form_test1.csvsnippets
venvn.nl,507580,https://vvn2.typeform.com/to/L6ywM27f,publicwww_form_test1.csvsnippets
verdadyfe.com,660239,https://verdadyfe.typeform.com/to/n2kJaL,publicwww_form_test1.csvsnippets
villagroupresorts.com,651551,https://condenast-interactive.typeform.com/to/GhxPTyFR,publicwww_form_test1.csvsnippets
villeurbanne.fr,409184,https://form.typeform.com/to/k9Ie90Lk,publicwww_form_test1.csvsnippets
vincenthouselondon.com,931425,https://vincenthouse.typeform.com/to/MwxMst,publicwww_form_test1.csvsnippets
vincenthouselondon.com,931425,https://vincenthouse.typeform.com/to/gQIaVd,publicwww_form_test1.csvsnippets
virginiebaro.com,521777,https://virginiebaro.typeform.com/to/gv9N9k,publicwww_form_test1.csvsnippets
virginmobile.cl,116144,https://embed.typeform.com/,publicwww_typeform_indexed_urls_broad2.csvsnippets
visionguinee.info,36928,https://form.typeform.com/to/ePh2pIv1,publicwww_form_test1.csvsnippets
visiteurs.fr,409195,https://form.typeform.com/to/pLPqsQBL,publicwww_form_test1.csvsnippets
visiteurs.fr,409195,https://yct1nqcl9e0.typeform.com/to/pDs4t1Ca,publicwww_form_test1.csvsnippets
visor.com,163367,https://immersedvr.typeform.com/to/Ad7PC8Wf,publicwww_form_test1.csvsnippets
vittude.com,123133,https://vittude.typeform.com/to/PYxFnRhp,publicwww_form_test1.csvsnippets
vivaluzern.ch,732850,https://form.typeform.com/to/U1BLF0kX,publicwww_form_test1.csvsnippets
volders.de,126218,https://admin.typeform.com/to/dwk6gt,publicwww_form_test1.csvsnippets
wan-ifra.org,648974,https://0codotuyh4s.typeform.com/to/tc1W99HT,publicwww_form_test1.csvsnippets
wanatop.com,315480,https://embed.typeform.com/,publicwww_typeform_indexed_urls_broad2.csvsnippets
wanatop.com,315480,https://form.typeform.com/,publicwww_typeform_indexed_urls_broad2.csvsnippets
watchtheyard.com,410446,https://watchtheyard.typeform.com/to/f7W3mB,publicwww_form_test1.csvsnippets
watchtheyard.com,410446,https://watchtheyard.typeform.com/to/h7F23H,publicwww_form_test1.csvsnippets
watchtheyard.com,410446,https://watchtheyard.typeform.com/to/sY4KWY,publicwww_form_test1.csvsnippets
webpositer.com,199080,https://webpositer.pro.typeform.com/,publicwww_typeform_indexed_urls_broad2.csvsnippets
webpositer.com,199080,https://webpositer.typeform.com/to/WDPau7zx,publicwww_form_test1.csvsnippets
webpositer.com,199080,https://www.typeform.com/,publicwww_typeform_indexed_urls_broad2.csvsnippets
westernsustainabilityexchange.org,778255,https://form.typeform.com/to/mJJJO3aB,publicwww_form_test1.csvsnippets
wildeburg.nl,226874,https://kultlab.typeform.com/,publicwww_typeform_indexed_urls_broad2.csvsnippets
wildeburg.nl,226874,https://kultlab.typeform.com/to/Ic4nnesv,publicwww_form_test1.csvsnippets
womenpm.org,710544,https://form.typeform.com/to/QzVsKehG,publicwww_form_test1.csvsnippets
wordweaverfreelance.com,653233,https://wordweaverfreelance.typeform.com/to/hptNLx,publicwww_form_test1.csvsnippets
wpbuffs.com,118338,https://wpbuffs.typeform.com/to/YSvvMf0m,publicwww_form_test1.csvsnippets
yestheory.com,577188,https://milesaddict.typeform.com/to/osJtAH,publicwww_form_test1.csvsnippets
yieldtalk.com,432963,https://form.typeform.com/to/TwnbXwL9,publicwww_form_test1.csvsnippets
ypo.org,123088,https://form.typeform.com/to/B6FQwhxc,publicwww_form_test1.csvsnippets
zachbushmd.com,853441,https://seraphic.typeform.com/to/Z7s7ow,publicwww_form_test1.csvsnippets
zachbushmd.com,853441,https://zachbushmd.typeform.com/to/x9xJjPaj,publicwww_form_test1.csvsnippets
zatracenedobrerady.cz,728624,https://xyit8h7wn2s.typeform.com/to/NJqBDBUO,publicwww_form_test1.csvsnippets
zeduplus.org,853456,https://teamzeduplus582789.typeform.com/to/EntWDS,publicwww_form_test1.csvsnippets
zeduplus.org,853456,https://teamzeduplus582789.typeform.com/to/VRqsZx,publicwww_form_test1.csvsnippets
zeekspizza.com,260852,https://3ociccw90ka.typeform.com/,publicwww_typeform_indexed_urls_broad2.csvsnippets
zeekspizza.com,260852,https://3ociccw90ka.typeform.com/to/YePmTXS6,publicwww_form_test1.csvsnippets
zeitzuleben.de,256676,https://zeitzuleben.typeform.com/,publicwww_typeform_indexed_urls_broad2.csvsnippets
zonawellness.it,439513,https://premium-domains.typeform.com/to/pMKHOM,publicwww_form_test1.csvsnippets
